,,,,,,,,30s,,,,,,,,60s,,,,,,,,900s,,,,,,,,1800s,,,,,,,,3600s,,,,,,,,7200s,,,,,,,,14400s,,,,,,,
State,Protein,Start,End,Sequence,Search RT,Charge,Max D,Start RT,End RT,#D,%D,#D right,%D right,Score,Conf,Start RT,End RT,#D,%D,#D right,%D right,Score,Conf,Start RT,End RT,#D,%D,#D right,%D right,Score,Conf,Start RT,End RT,#D,%D,#D right,%D right,Score,Conf,Start RT,End RT,#D,%D,#D right,%D right,Score,Conf,Start RT,End RT,#D,%D,#D right,%D right,Score,Conf,Start RT,End RT,#D,%D,#D right,%D right,Score,Conf
GSP1-WT-GDP,P32835,1,14,GSSAPAANGEVPTF,9.14,1,10,8.31,8.46,4.988,55.422,,,0.8926,Medium,8.65,8.86,5.478,60.868,,,0.9286,Medium,9.11,9.25,6.204,68.931,,,0.9337,Medium,8.75,8.88,6.063,67.368,,,0.9354,Medium,9.32,9.54,6.609,73.434,,,0.9166,Medium,,,,,,,,,9.26,9.44,6.527,72.526,,,0.9480,Medium
GSP1-WT-GDP,P32835,1,14,GSSAPAANGEVPTF,9.14,2,10,8.31,8.40,4.474,49.713,,,0.8376,Medium,8.74,8.76,4.953,55.037,,,0.8669,Medium,9.04,9.22,5.700,63.333,,,0.8762,Medium,8.67,8.86,5.522,61.355,,,0.8545,Medium,9.36,9.49,5.962,66.242,,,0.8303,Medium,,,,,,,,,9.20,9.43,6.001,66.674,,,0.8579,Medium
GSP1-WT-GDP,P32835,1,16,GSSAPAANGEVPTFKL,9.96,1,12,9.01,9.31,5.662,52.428,,,0.8862,High,9.46,9.63,6.349,58.789,,,0.8738,High,9.87,10.17,7.278,67.386,,,0.8952,High,9.50,9.63,7.075,65.510,,,0.8387,Medium,10.18,10.31,7.622,70.570,,,0.8503,High,,,,,,,,,10.08,10.16,7.559,69.986,,,0.8214,Medium
GSP1-WT-GDP,P32835,1,16,GSSAPAANGEVPTFKL,9.96,2,12,9.06,9.35,5.582,51.683,,,0.8839,Medium,9.39,9.69,6.219,57.585,,,0.8794,Medium,9.95,10.02,7.026,65.056,,,0.8456,Medium,9.47,9.86,6.958,64.429,,,0.8132,Medium,10.03,10.46,7.497,69.417,,,0.7905,Medium,,,,,,,,,10.00,10.38,7.504,69.480,,,0.8063,Medium
GSP1-WT-GDP,P32835,1,18,GSSAPAANGEVPTFKLVL,10.48,2,14,10.53,10.97,5.325,42.263,,,0.9609,High,10.90,11.40,6.071,48.181,,,0.9648,High,11.37,11.87,6.952,55.178,,,0.9637,High,11.00,11.00,6.892,54.697,,,0.9435,High,11.61,11.91,7.240,57.463,,,0.9646,High,,,,,,,,,11.54,11.85,7.283,57.803,,,0.9637,High
GSP1-WT-GDP,P32835,1,18,GSSAPAANGEVPTFKLVL,10.48,3,14,10.57,10.82,5.141,40.801,,,0.9278,High,11.03,11.09,5.710,45.314,,,0.8689,High,11.43,11.52,6.702,53.191,,,0.8757,Medium,10.96,11.17,6.674,52.971,,,0.9182,High,11.64,11.93,7.008,55.619,,,0.8054,Medium,,,,,,,,,11.59,11.74,6.945,55.116,,,0.8981,High
GSP1-WT-GDP,P32835,15,18,KLVL,7.34,1,2,7.37,7.64,0.034,1.904,,,0.9532,Medium,7.79,7.80,0.041,2.262,,,0.8561,Medium,8.12,8.14,0.041,2.276,,,0.9138,Medium,7.80,7.98,0.031,1.709,,,0.9417,Medium,8.37,8.53,0.019,1.075,,,0.8910,Medium,,,,,,,,,8.22,8.48,0.024,1.328,,,0.9447,Medium
GSP1-WT-GDP,P32835,17,29,VLVGDGGTGKTTF,7.92,2,11,7.18,7.35,0.486,4.911,,,0.9524,Medium,7.40,7.70,0.587,5.926,,,0.8843,Medium,7.89,7.96,0.763,7.711,,,0.6448,Medium,7.54,7.75,0.712,7.187,,,0.9257,Medium,8.02,8.28,1.077,10.881,,,0.9149,Medium,,,,,,,,,7.94,8.09,1.343,13.568,,,0.9504,Medium
GSP1-WT-GDP,P32835,17,37,VLVGDGGTGKTTFVKRHLTGE,5.78,3,19,5.62,5.98,1.924,11.253,,,0.8632,Medium,5.82,6.25,2.276,13.312,,,0.8559,Medium,6.21,6.61,2.768,16.186,,,0.8173,Medium,5.91,6.39,2.679,15.668,,,0.8352,Medium,6.37,6.82,3.323,19.431,,,0.7978,Medium,,,,,,,,,6.29,6.67,3.723,21.774,,,0.8166,Medium
GSP1-WT-GDP,P32835,17,37,VLVGDGGTGKTTFVKRHLTGE,5.78,4,19,5.88,5.99,1.510,8.831,,,0.8224,Medium,6.15,6.23,1.914,11.192,,,0.7919,Medium,6.50,6.60,2.145,12.546,,,0.8315,Medium,6.21,6.34,2.140,12.515,,,0.9112,Medium,6.69,6.80,2.599,15.197,,,0.8527,Medium,,,,,,,,,6.54,6.79,2.962,17.320,,,0.8450,Medium
GSP1-WT-GDP,P32835,17,38,VLVGDGGTGKTTFVKRHLTGEF,7.83,2,20,7.07,7.20,2.515,13.971,,,0.8583,Medium,7.34,7.58,2.794,15.520,,,0.8211,Medium,7.72,7.90,3.265,18.142,,,0.7501,Medium,7.44,7.59,3.150,17.497,,,0.7992,Medium,7.99,8.15,3.911,21.730,,,0.7609,Medium,,,,,,,,,,,,,,,,
GSP1-WT-GDP,P32835,17,38,VLVGDGGTGKTTFVKRHLTGEF,7.83,3,20,7.13,7.28,2.410,13.388,,,0.9165,Medium,7.37,7.65,2.680,14.888,,,0.9124,Medium,7.77,7.95,3.169,17.606,,,0.9050,Medium,7.43,7.66,3.027,16.814,,,0.9132,Medium,,,,,,,,,,,,,,,,,7.85,8.10,4.065,22.586,,,0.9051,Medium
GSP1-WT-GDP,P32835,17,38,VLVGDGGTGKTTFVKRHLTGEF,7.83,4,20,6.97,7.27,2.468,13.712,,,0.8811,Medium,7.33,7.57,2.739,15.215,,,0.9075,Medium,7.86,8.00,3.025,16.804,,,0.8353,Medium,7.42,7.43,3.459,19.216,,,0.7040,Medium,7.99,8.24,3.554,19.742,,,0.7735,Medium,,,,,,,,,7.88,8.09,3.926,21.811,,,0.7264,Medium
GSP1-WT-GDP,P32835,17,38,VLVGDGGTGKTTFVKRHLTGEF,7.83,5,20,7.04,7.21,2.786,15.478,,,0.9012,Medium,7.46,7.47,2.845,15.807,,,0.8097,Medium,7.79,7.93,3.308,18.378,,,0.8819,Medium,7.46,7.46,2.969,16.493,,,0.8501,Medium,7.95,8.21,4.178,23.213,,,0.8711,Medium,,,,,,,,,7.90,8.07,4.525,25.140,,,0.8063,Medium
GSP1-WT-GDP,P32835,19,29,VGDGGTGKTTF,6.46,1,9,5.78,5.87,0.094,1.164,,,0.7773,Medium,6.10,6.17,0.251,3.104,,,0.8324,Medium,6.47,6.52,0.209,2.576,,,0.8554,Medium,6.18,6.25,0.219,2.705,,,0.8444,Medium,6.66,6.73,0.362,4.463,,,0.8139,Medium,,,,,,,,,6.56,6.64,0.460,5.680,,,0.7685,Medium
GSP1-WT-GDP,P32835,19,29,VGDGGTGKTTF,6.46,2,9,5.68,5.98,0.285,3.519,,,0.9307,Medium,6.23,6.24,0.248,3.063,,,0.8129,Medium,6.31,6.61,0.392,4.834,,,0.9328,Medium,6.25,6.25,0.253,3.129,,,0.9555,Medium,6.52,6.92,0.426,5.265,,,0.9334,Medium,,,,,,,,,6.41,6.72,0.507,6.255,,,0.8688,Medium
GSP1-WT-GDP,P32835,19,37,VGDGGTGKTTFVKRHLTGE,5.74,2,17,5.16,5.23,1.630,10.653,,,0.8805,Medium,5.41,5.50,1.772,11.581,,,0.8588,Medium,5.66,5.83,2.551,16.672,,,0.8642,Medium,5.45,5.61,2.079,13.591,,,0.8809,Medium,5.86,6.03,2.769,18.099,,,0.8532,Medium,,,,,,,,,5.82,6.01,2.916,19.060,,,0.8441,Medium
GSP1-WT-GDP,P32835,19,37,VGDGGTGKTTFVKRHLTGE,5.74,3,17,5.01,5.31,1.546,10.103,,,0.9471,Medium,5.61,5.62,1.579,10.321,,,0.6275,Medium,5.72,5.82,2.182,14.265,,,0.8920,High,5.61,5.62,1.755,11.468,,,0.8064,Medium,5.80,6.10,2.339,15.287,,,0.9189,Medium,,,,,,,,,5.79,5.90,2.677,17.495,,,0.9440,High
GSP1-WT-GDP,P32835,19,37,VGDGGTGKTTFVKRHLTGE,5.74,4,17,5.09,5.27,1.713,11.198,,,0.8790,Medium,5.37,5.51,2.027,13.250,,,0.9264,Medium,5.71,5.84,2.288,14.957,,,0.8687,Medium,5.42,5.61,2.213,14.463,,,0.8991,Medium,5.82,6.12,2.557,16.713,,,0.8308,Medium,,,,,,,,,5.70,6.00,2.930,19.151,,,0.8008,Medium
GSP1-WT-GDP,P32835,19,38,VGDGGTGKTTFVKRHLTGEF,7.28,2,18,6.45,6.75,2.232,13.777,,,0.9550,High,6.76,6.94,2.557,15.785,,,0.9484,High,7.21,7.42,2.840,17.530,,,0.8820,High,6.92,7.10,2.681,16.552,,,0.9449,High,7.39,7.68,3.099,19.128,,,0.9542,High,,,,,,,,,7.33,7.51,3.397,20.966,,,0.9586,High
GSP1-WT-GDP,P32835,19,38,VGDGGTGKTTFVKRHLTGEF,7.28,3,18,6.45,6.77,2.248,13.878,,,0.9782,High,6.82,7.03,2.506,15.467,,,0.9783,High,7.20,7.44,2.853,17.609,,,0.9790,High,6.90,6.91,2.940,18.148,,,0.9705,High,7.38,7.62,3.147,19.428,,,0.9719,High,,,,,,,,,7.30,7.52,3.413,21.068,,,0.9754,High
GSP1-WT-GDP,P32835,19,38,VGDGGTGKTTFVKRHLTGEF,7.28,4,18,6.51,6.77,2.236,13.800,,,0.9780,High,6.83,6.85,2.691,16.613,,,0.9703,High,7.18,7.42,2.866,17.691,,,0.9779,High,6.90,6.91,2.946,18.185,,,0.9655,High,7.39,7.46,3.390,20.924,,,0.9635,High,,,,,,,,,7.23,7.53,3.423,21.130,,,0.9709,High
GSP1-WT-GDP,P32835,30,38,VKRHLTGEF,5.87,2,7,5.22,5.46,0.972,15.431,,,0.7256,Medium,5.49,5.68,1.274,20.217,,,0.8293,Medium,5.83,5.98,1.254,19.897,,,0.7523,Medium,5.56,5.81,1.006,15.973,,,0.7893,Medium,5.99,6.19,1.154,18.324,,,0.5369,Medium,,,,,,,,,5.88,6.09,1.435,22.785,,,0.7918,Medium
GSP1-WT-GDP,P32835,30,45,VKRHLTGEFEKKYIAT,5.18,3,14,5.22,5.43,6.274,49.790,,,0.7127,Medium,5.50,5.69,6.471,51.357,,,0.7650,Medium,5.77,6.00,7.277,57.753,,,0.6590,Medium,5.51,5.81,6.487,51.485,,,0.7398,Medium,5.92,6.22,6.554,52.016,,,0.6040,Medium,,,,,,,,,5.88,6.07,6.861,54.452,,,0.7353,Medium
GSP1-WT-GDP,P32835,30,45,VKRHLTGEFEKKYIAT,5.18,4,14,5.23,5.40,5.062,40.177,,,0.9559,High,5.53,5.65,6.136,48.699,,,0.8802,High,5.84,5.96,6.217,49.344,,,0.9236,High,5.59,5.73,6.114,48.522,,,0.9457,High,6.00,6.20,6.445,51.147,,,0.9194,High,,,,,,,,,5.94,6.06,6.657,52.836,,,0.9196,High
GSP1-WT-GDP,P32835,30,47,VKRHLTGEFEKKYIATIG,6.27,3,16,6.32,6.44,7.779,54.022,,,0.9107,Medium,6.63,6.73,8.318,57.764,,,0.8431,Medium,6.96,7.19,8.479,58.883,,,0.8849,Medium,6.64,6.89,8.469,58.814,,,0.8015,Medium,7.22,7.36,8.636,59.972,,,0.8806,Medium,,,,,,,,,7.16,7.23,8.895,61.772,,,0.8358,Medium
GSP1-WT-GDP,P32835,38,45,FEKKYIAT,4.98,2,6,5.05,5.12,2.429,44.990,,,0.7870,Medium,5.39,5.47,2.823,52.270,,,0.7615,Medium,5.62,5.76,3.311,61.322,,,0.8599,Medium,5.38,5.46,2.935,54.354,,,0.7785,Medium,5.77,5.88,3.242,60.035,,,0.7512,Medium,,,,,,,,,5.67,5.79,3.483,64.508,,,0.8278,Medium
GSP1-WT-GDP,P32835,38,55,FEKKYIATIGVEVHPLSF,10.19,2,15,9.38,9.50,5.652,41.869,,,0.8975,Medium,9.79,9.84,6.439,47.694,,,0.8701,Medium,10.16,10.32,8.390,62.149,,,0.9077,Medium,9.77,9.89,8.452,62.608,,,0.9000,Medium,10.45,10.57,9.124,67.584,,,0.8920,Medium,,,,,,,,,10.35,10.46,9.227,68.346,,,0.8764,Medium
GSP1-WT-GDP,P32835,38,55,FEKKYIATIGVEVHPLSF,10.19,3,15,9.35,10.02,5.844,43.292,,,0.9261,Medium,9.72,10.36,6.593,48.834,,,0.9165,Medium,10.14,10.58,8.364,61.956,,,0.8887,Medium,9.73,10.37,8.361,61.934,,,0.9077,Medium,10.39,10.63,9.057,67.088,,,0.8955,Medium,,,,,,,,,10.39,10.48,9.052,67.049,,,0.8733,Medium
GSP1-WT-GDP,P32835,39,45,EKKYIAT,4.42,1,5,4.48,4.63,2.582,57.382,,,0.8310,Medium,4.70,4.83,3.091,68.700,,,0.8603,Medium,4.88,5.02,3.292,73.145,,,0.7259,Medium,4.77,4.81,3.196,71.020,,,0.8746,Medium,5.07,5.16,3.462,76.927,,,0.8333,Medium,,,,,,,,,4.96,5.12,3.498,77.736,,,0.8122,Medium
GSP1-WT-GDP,P32835,39,45,EKKYIAT,4.42,2,5,4.63,4.64,2.424,53.861,,,0.8035,Medium,4.72,4.82,2.793,62.076,,,0.8912,Medium,4.85,5.10,3.059,67.977,,,0.8406,Medium,4.73,4.89,2.840,63.102,,,0.9030,Medium,5.05,5.16,3.127,69.489,,,0.8203,Medium,,,,,,,,,5.02,5.02,3.235,71.891,,,0.8439,Medium
GSP1-WT-GDP,P32835,39,47,EKKYIATIG,5.57,2,7,5.68,5.77,3.629,57.611,,,0.9023,Medium,5.85,6.06,4.315,68.485,,,0.7850,Medium,6.24,6.40,4.533,71.958,,,0.9259,Medium,5.97,6.06,4.416,70.103,,,0.8352,Medium,6.41,6.53,4.900,77.775,,,0.7549,Medium,,,,,,,,,6.27,6.44,5.061,80.332,,,0.8445,Medium
GSP1-WT-GDP,P32835,39,49,EKKYIATIGVE,6.44,2,9,7.16,7.47,1.681,20.751,,,0.8627,Medium,7.55,7.62,1.807,22.303,,,0.8517,Medium,7.95,8.08,1.956,24.152,,,0.8417,Medium,7.63,7.74,1.929,23.821,,,0.7719,Medium,8.06,8.15,2.260,27.905,,,0.9365,Medium,,,,,,,,,8.01,8.11,2.491,30.749,,,0.9161,Medium
GSP1-WT-GDP,P32835,39,55,EKKYIATIGVEVHPLSF,9.96,2,14,9.10,9.39,5.578,44.269,,,0.9600,High,9.43,9.70,6.248,49.591,,,0.9491,High,9.84,10.34,8.189,64.993,,,0.9433,High,9.52,9.65,8.219,65.230,,,0.9457,High,10.06,10.36,8.822,70.018,,,0.9374,High,,,,,,,,,10.01,10.41,9.051,71.835,,,0.9408,High
GSP1-WT-GDP,P32835,39,55,EKKYIATIGVEVHPLSF,9.96,4,14,,,,,,,,,9.72,9.73,6.216,49.332,,,0.7125,Medium,,,,,,,,,,,,,,,,,,,,,,,,,,,,,,,,,,,,,,,,
GSP1-WT-GDP,P32835,46,50,IGVEV,7.39,1,3,7.48,7.54,0.073,2.685,,,0.8927,Medium,7.74,7.95,0.083,3.076,,,0.7965,Medium,8.17,8.34,0.071,2.634,,,0.8846,Medium,7.81,8.04,0.073,2.709,,,0.8239,Medium,8.42,8.54,0.078,2.871,,,0.9124,Medium,,,,,,,,,8.29,8.51,0.076,2.826,,,0.8871,Medium
GSP1-WT-GDP,P32835,46,55,IGVEVHPLSF,10.62,1,7,9.94,9.95,0.634,10.065,,,0.9367,High,10.07,10.34,0.984,15.621,,,0.9494,High,10.56,10.78,2.686,42.638,,,0.9198,High,10.17,10.30,2.886,45.802,,,0.9543,High,10.83,10.98,3.370,53.491,,,0.9506,High,,,,,,,,,10.69,10.90,3.594,57.051,,,0.8714,High
GSP1-WT-GDP,P32835,46,55,IGVEVHPLSF,10.62,2,7,9.74,9.98,0.690,10.954,,,0.9415,High,10.11,10.34,0.995,15.801,,,0.9512,High,10.56,10.80,2.686,42.636,,,0.9560,High,10.15,10.35,2.892,45.907,,,0.9316,High,10.76,11.06,3.362,53.370,,,0.9183,High,,,,,,,,,10.66,10.96,3.585,56.903,,,0.9550,High
GSP1-WT-GDP,P32835,48,55,VEVHPLSF,9.91,2,5,9.10,9.15,0.400,8.895,,,0.9340,High,9.40,9.61,0.601,13.355,,,0.9485,High,9.91,10.07,1.024,22.766,,,0.9446,High,9.47,9.66,1.135,25.213,,,0.9507,High,10.03,10.33,1.379,30.643,,,0.9067,High,,,,,,,,,10.04,10.14,1.521,33.792,,,0.8848,High
GSP1-WT-GDP,P32835,49,55,EVHPLSF,9.59,2,4,8.69,8.86,0.273,7.588,,,0.8482,High,9.02,9.21,0.493,13.694,,,0.9069,High,9.50,9.67,0.692,19.227,,,0.8996,High,9.14,9.26,0.628,17.439,,,0.8225,High,9.78,9.93,0.640,17.777,,,0.9031,High,,,,,,,,,9.66,9.80,0.780,21.655,,,0.9269,High
GSP1-WT-GDP,P32835,50,55,VHPLSF,8.25,1,3,7.88,7.98,-0.050,-1.868,,,0.8547,Medium,8.21,8.33,-0.026,-0.973,,,0.8268,Medium,8.68,8.78,-0.065,-2.398,,,0.8477,Medium,8.33,8.44,-0.025,-0.928,,,0.7695,Medium,8.99,9.03,-0.035,-1.301,,,0.8337,Medium,,,,,,,,,8.87,8.92,-0.049,-1.817,,,0.8056,Medium
GSP1-WT-GDP,P32835,56,59,YTNF,7.20,1,2,7.22,7.52,0.922,51.247,,,0.9567,Medium,7.64,7.80,1.045,58.072,,,0.9283,Medium,8.14,8.25,1.098,60.984,,,0.8983,High,7.73,7.91,1.014,56.331,,,0.9374,Medium,8.34,8.50,1.168,64.906,,,0.9672,Medium,,,,,,,,,8.21,8.37,1.137,63.184,,,0.9693,High
GSP1-WT-GDP,P32835,56,64,YTNFGEIKF,11.00,1,7,10.04,10.33,1.983,31.479,,,0.9745,High,10.43,10.76,2.093,33.224,,,0.9762,High,10.56,11.24,2.451,38.898,,,0.9488,High,10.11,10.77,2.320,36.831,,,0.9318,High,11.23,11.23,2.858,45.359,,,0.9539,High,,,,,,,,,10.74,11.41,3.195,50.707,,,0.9213,High
GSP1-WT-GDP,P32835,60,64,GEIKF,8.52,1,3,7.76,7.81,0.080,2.948,,,0.9460,High,8.05,8.23,0.101,3.737,,,0.9082,High,8.44,8.74,0.163,6.022,,,0.8642,Medium,8.11,8.12,0.273,10.106,,,0.6308,Medium,8.72,8.92,0.370,13.721,,,0.8496,Medium,,,,,,,,,8.63,8.77,0.740,27.404,,,0.9058,Medium
GSP1-WT-GDP,P32835,60,82,GEIKFDVWDTAGQEKFGGLRDGY,10.67,2,21,9.76,9.86,5.794,30.654,,,0.8984,High,10.10,10.27,6.512,34.455,,,0.8289,Medium,10.63,10.73,7.343,38.850,,,0.9267,High,10.14,10.29,7.225,38.226,,,0.8905,High,10.86,10.99,8.149,43.119,,,0.9046,High,,,,,,,,,10.78,10.92,8.745,46.271,,,0.9242,High
GSP1-WT-GDP,P32835,60,82,GEIKFDVWDTAGQEKFGGLRDGY,10.67,3,21,9.79,9.91,5.505,29.124,,,0.9443,High,10.13,10.27,6.346,33.578,,,0.9546,High,10.58,10.84,7.087,37.496,,,0.9482,High,10.20,10.38,6.826,36.118,,,0.9473,High,10.82,11.04,7.945,42.035,,,0.9512,High,,,,,,,,,10.74,11.04,8.360,44.235,,,0.9513,High
GSP1-WT-GDP,P32835,65,82,DVWDTAGQEKFGGLRDGY,9.99,2,16,9.30,9.32,6.010,41.738,,,0.9021,Medium,9.53,9.53,7.328,50.885,,,0.9221,High,9.97,10.15,8.022,55.707,,,0.9613,High,9.52,9.66,7.849,54.506,,,0.9461,High,10.25,10.35,8.684,60.306,,,0.9628,High,,,,,,,,,10.06,10.36,8.872,61.609,,,0.9450,High
GSP1-WT-GDP,P32835,65,82,DVWDTAGQEKFGGLRDGY,9.99,3,16,9.11,9.21,6.252,43.420,,,0.9686,High,9.52,9.66,6.795,47.185,,,0.9520,High,9.97,10.12,7.889,54.788,,,0.9459,High,9.52,9.72,7.569,52.560,,,0.9609,High,10.29,10.33,8.523,59.185,,,0.9477,High,,,,,,,,,10.15,10.34,8.553,59.397,,,0.9250,High
GSP1-WT-GDP,P32835,65,83,DVWDTAGQEKFGGLRDGYY,10.49,2,17,9.57,9.64,5.217,34.096,,,0.6308,Medium,9.93,10.02,6.868,44.891,,,0.7692,Medium,10.41,10.51,7.949,51.952,,,0.7194,Medium,9.95,10.03,7.628,49.853,,,0.7860,Medium,,,,,,,,,,,,,,,,,,,,,,,,
GSP1-WT-GDP,P32835,65,83,DVWDTAGQEKFGGLRDGYY,10.49,3,17,9.67,9.78,6.664,43.555,,,0.8951,Medium,10.04,10.15,7.362,48.120,,,0.9264,Medium,10.54,10.67,8.344,54.533,,,0.9395,High,9.99,10.22,8.368,54.691,,,0.8308,Medium,10.71,10.94,9.266,60.559,,,0.8845,Medium,,,,,,,,,10.67,10.77,9.330,60.982,,,0.8752,Medium
GSP1-WT-GDP,P32835,65,86,DVWDTAGQEKFGGLRDGYYINA,10.61,2,20,9.69,9.88,9.243,51.349,,,0.9577,High,10.06,10.31,10.048,55.819,,,0.9571,High,10.49,10.79,11.570,64.276,,,0.9591,High,10.15,10.35,11.300,62.777,,,0.9697,High,10.75,11.05,12.470,69.276,,,0.9525,High,,,,,,,,,10.74,10.91,12.755,70.860,,,0.9695,High
GSP1-WT-GDP,P32835,65,86,DVWDTAGQEKFGGLRDGYYINA,10.61,3,20,9.60,9.90,9.174,50.968,,,0.9723,High,10.34,10.35,9.875,54.859,,,0.9173,High,10.53,11.04,11.506,63.923,,,0.9680,High,10.05,10.55,11.363,63.127,,,0.9553,High,10.84,10.96,12.419,68.993,,,0.9721,High,,,,,,,,,10.67,11.18,12.672,70.402,,,0.9509,High
GSP1-WT-GDP,P32835,65,87,DVWDTAGQEKFGGLRDGYYINAQ,10.32,2,21,,,,,,,,,9.83,9.99,10.657,56.388,,,0.7883,Medium,,,,,,,,,9.81,9.91,11.724,62.030,,,0.8360,Medium,10.02,10.09,5.885,31.137,,,0.5891,Medium,,,,,,,,,9.91,9.91,2.467,13.051,,,0.5770,Medium
GSP1-WT-GDP,P32835,65,87,DVWDTAGQEKFGGLRDGYYINAQ,10.32,3,21,9.31,9.61,9.685,51.241,,,0.9012,High,9.77,9.97,10.509,55.601,,,0.9298,High,10.24,10.56,12.024,63.621,,,0.8996,High,9.89,9.90,11.954,63.248,,,0.8986,High,10.55,10.67,13.791,72.966,,,0.8735,High,,,,,,,,,10.50,10.62,13.800,73.014,,,0.8876,High
GSP1-WT-GDP,P32835,65,88,DVWDTAGQEKFGGLRDGYYINAQC,10.68,3,22,9.81,10.42,9.486,47.910,,,0.9547,High,10.10,10.60,10.170,51.362,,,0.9481,High,10.58,11.08,11.724,59.213,,,0.9667,High,10.16,10.66,11.591,58.542,,,0.9252,High,10.86,11.22,12.695,64.116,,,0.9653,High,,,,,,,,,10.74,11.24,13.069,66.005,,,0.9539,High
GSP1-WT-GDP,P32835,65,89,DVWDTAGQEKFGGLRDGYYINAQCA,10.68,3,23,10.63,10.79,9.767,47.182,,,0.9023,High,10.98,11.04,9.991,48.268,,,0.9384,High,11.36,11.62,11.802,57.014,,,0.9595,High,10.93,11.09,10.709,51.737,,,0.9469,High,11.68,11.90,12.806,61.867,,,0.9590,High,,,,,,,,,11.60,11.88,12.720,61.449,,,0.9243,High
GSP1-WT-GDP,P32835,68,86,DTAGQEKFGGLRDGYYINA,8.19,3,17,8.29,8.35,8.740,57.126,,,0.7295,Medium,8.71,8.75,8.799,57.512,,,0.8432,Medium,9.13,9.19,9.837,64.294,,,0.8816,Medium,8.67,8.87,9.553,62.437,,,0.7846,Medium,9.35,9.49,10.560,69.019,,,0.7892,Medium,,,,,,,,,9.27,9.36,10.724,70.090,,,0.8388,Medium
GSP1-WT-GDP,P32835,68,88,DTAGQEKFGGLRDGYYINAQC,8.27,3,19,8.34,8.49,7.164,41.895,,,0.7278,Medium,8.75,8.89,7.479,43.735,,,0.7149,Medium,9.19,9.28,8.368,48.936,,,0.7648,Medium,8.79,8.95,8.119,47.479,,,0.7669,Medium,,,,,,,,,,,,,,,,,9.37,9.44,8.225,48.098,,,0.6579,Medium
GSP1-WT-GDP,P32835,68,89,DTAGQEKFGGLRDGYYINAQCA,9.20,2,20,8.37,8.45,8.238,45.769,,,0.7743,Medium,8.77,8.83,9.256,51.425,,,0.8489,Medium,9.19,9.28,10.130,56.277,,,0.8471,Medium,8.83,8.97,9.895,54.972,,,0.8829,Medium,9.42,9.58,10.885,60.475,,,0.8504,Medium,,,,,,,,,9.33,9.52,11.249,62.496,,,0.7974,Medium
GSP1-WT-GDP,P32835,68,89,DTAGQEKFGGLRDGYYINAQCA,9.20,3,20,,,,,,,,,,,,,,,,,,,,,,,,,,,,,,,,,,,,,,,,,,,,,,,,,,,,,,,,
GSP1-WT-GDP,P32835,83,86,YINA,5.37,1,2,5.42,5.51,0.448,24.874,,,0.9165,Medium,5.69,5.91,0.628,34.906,,,0.8407,Medium,6.08,6.12,0.631,35.083,,,0.9224,Medium,5.72,5.88,0.639,35.487,,,0.8969,Medium,6.17,6.27,0.838,46.543,,,0.9037,Medium,,,,,,,,,6.09,6.23,1.236,68.650,,,0.8859,Medium
GSP1-WT-GDP,P32835,83,88,YINAQC,5.76,1,4,,,,,,,,,,,,,,,,,,,,,,,,,,,,,,,,,6.13,6.13,0.694,19.265,,,0.7008,Medium,,,,,,,,,,,,,,,,
GSP1-WT-GDP,P32835,83,89,YINAQCA,6.55,1,5,5.87,6.07,1.199,26.635,,,0.7713,Medium,6.17,6.36,1.239,27.534,,,0.7556,Medium,6.58,6.71,1.189,26.422,,,0.7813,Medium,6.30,6.39,1.041,23.134,,,0.8370,Medium,6.75,6.85,1.342,29.825,,,0.7984,Medium,,,,,,,,,6.70,6.77,1.536,34.144,,,0.7872,Medium
GSP1-WT-GDP,P32835,88,92,CAIIM,8.75,1,3,,,,,,,,,9.20,9.36,0.015,0.553,,,0.8155,Medium,9.69,9.70,-0.007,-0.246,,,0.9020,Medium,9.29,9.36,-0.001,-0.026,,,0.9103,Medium,8.84,8.88,2.232,82.660,,,0.8235,Medium,,,,,,,,,8.70,8.86,2.199,81.444,,,0.8116,Medium
GSP1-WT-GDP,P32835,88,93,CAIIMF,11.89,1,4,11.28,11.37,2.274,63.166,,,0.7939,Medium,11.69,11.76,2.197,61.031,,,0.7957,Medium,12.21,12.33,2.281,63.370,,,0.7117,Medium,11.69,11.81,2.212,61.447,,,0.8141,Medium,12.53,12.61,2.239,62.195,,,0.8731,Medium,,,,,,,,,12.37,12.43,2.203,61.183,,,0.8000,Medium
GSP1-WT-GDP,P32835,89,92,AIIM,8.06,1,2,8.18,8.27,0.028,1.558,,,0.9021,High,8.44,8.73,0.061,3.376,,,0.8812,High,8.93,9.08,0.043,2.408,,,0.9310,High,8.52,8.72,0.035,1.939,,,0.9261,High,9.08,9.29,0.022,1.206,,,0.9240,High,,,,,,,,,9.03,9.20,0.046,2.567,,,0.9263,High
GSP1-WT-GDP,P32835,89,93,AIIMF,11.46,1,3,11.73,11.75,0.048,1.792,,,0.9120,Medium,11.97,11.98,0.103,3.823,,,0.9199,High,12.42,12.72,0.073,2.700,,,0.9263,Medium,11.99,12.00,0.083,3.078,,,0.8776,Medium,,,,,,,,,,,,,,,,,12.66,12.68,0.079,2.925,,,0.9267,Medium
GSP1-WT-GDP,P32835,90,93,IIMF,11.24,1,2,11.55,11.55,0.017,0.920,,,0.9275,Medium,11.77,11.78,0.075,4.167,,,0.9154,Medium,12.28,12.28,0.055,3.052,,,0.8657,Medium,11.77,11.79,0.064,3.551,,,0.8316,Medium,12.57,12.58,0.051,2.831,,,0.9135,Medium,,,,,,,,,12.45,12.47,0.058,3.238,,,0.9295,Medium
GSP1-WT-GDP,P32835,93,96,FDVT,6.43,1,2,6.47,6.55,0.068,3.778,,,0.7940,Medium,6.92,6.94,0.539,29.935,,,0.6019,Medium,7.23,7.34,0.339,18.822,,,0.6468,Medium,6.94,7.05,0.405,22.527,,,0.6669,Medium,7.40,7.51,0.184,10.216,,,0.7754,Medium,,,,,,,,,7.23,7.43,0.438,24.306,,,0.7050,Medium
GSP1-WT-GDP,P32835,93,111,FDVTSRITYKNVPNWHRDL,7.97,3,16,8.15,8.16,1.764,12.253,,,0.8109,Medium,7.57,7.60,15.559,108.051,,,0.8391,Medium,7.82,8.11,15.510,107.708,,,0.8736,Medium,7.63,7.64,15.401,106.949,,,0.8455,Medium,8.16,8.16,14.925,103.644,,,0.8076,Medium,,,,,,,,,8.00,8.16,15.335,106.494,,,0.7883,Medium
GSP1-WT-GDP,P32835,93,111,FDVTSRITYKNVPNWHRDL,7.97,4,16,8.13,8.14,1.577,10.954,,,0.9099,Medium,8.45,8.55,2.147,14.912,,,0.8056,Medium,,,,,,,,,,,,,,,,,,,,,,,,,,,,,,,,,,,,,,,,
GSP1-WT-GDP,P32835,93,114,FDVTSRITYKNVPNWHRDLVRV,8.88,3,19,7.96,8.26,2.389,13.973,,,0.9099,High,8.80,8.91,2.743,16.040,,,0.7602,Medium,8.82,9.03,4.714,27.570,,,0.9505,High,8.48,8.64,4.897,28.635,,,0.9459,High,9.16,9.17,5.474,32.010,,,0.9408,High,,,,,,,,,8.94,9.14,6.199,36.252,,,0.9618,High
GSP1-WT-GDP,P32835,93,114,FDVTSRITYKNVPNWHRDLVRV,8.88,4,19,8.80,8.91,3.502,20.480,,,0.7073,Medium,8.75,8.77,2.697,15.771,,,0.7744,Medium,8.81,9.01,5.019,29.350,,,0.9538,Medium,8.83,8.84,5.206,30.446,,,0.7232,Medium,,,,,,,,,,,,,,,,,,,,,,,,
GSP1-WT-GDP,P32835,93,114,FDVTSRITYKNVPNWHRDLVRV,8.88,6,19,7.97,8.27,3.079,18.005,,,0.8839,Medium,8.58,8.61,5.391,31.524,,,0.7394,Medium,8.79,9.08,5.539,32.392,,,0.7071,Medium,8.45,8.59,5.291,30.943,,,0.9094,Medium,9.10,9.10,6.302,36.857,,,0.7414,Medium,,,,,,,,,8.92,9.29,6.416,37.522,,,0.8722,Medium
GSP1-WT-GDP,P32835,93,114,FDVTSRITYKNVPNWHRDLVRV,11.61,4,19,11.19,11.44,3.558,20.806,,,0.6102,Medium,11.64,11.67,3.110,18.185,,,0.6612,Medium,,,,,,,,,11.42,11.65,6.970,40.762,,,0.6183,Medium,,,,,,,,,,,,,,,,,,,,,,,,
GSP1-WT-GDP,P32835,93,114,FDVTSRITYKNVPNWHRDLVRV,11.61,6,19,,,,,,,,,,,,,,,,,,,,,,,,,,,,,,,,,,,,,,,,,,,,,,,,,11.42,11.65,5.525,32.309,,,0.7174,Medium
GSP1-WT-GDP,P32835,93,116,FDVTSRITYKNVPNWHRDLVRVCE,8.37,5,21,,,,,,,,,,,,,,,,,,,,,,,,,6.63,6.93,0.151,0.798,,,0.7670,Medium,,,,,,,,,,,,,,,,,7.09,7.26,0.724,3.828,,,0.7866,Medium
GSP1-WT-GDP,P32835,94,114,DVTSRITYKNVPNWHRDLVRV,8.33,2,18,7.52,7.64,2.162,13.345,,,0.8369,Medium,7.90,8.01,2.616,16.148,,,0.7690,Medium,8.30,8.50,5.500,33.952,,,0.7962,Medium,7.89,8.03,6.060,37.405,,,0.7360,Medium,8.57,8.62,7.036,43.431,,,0.6561,Medium,,,,,,,,,8.41,8.62,6.434,39.717,,,0.7930,Medium
GSP1-WT-GDP,P32835,94,114,DVTSRITYKNVPNWHRDLVRV,8.33,3,18,7.58,7.67,1.286,7.936,,,0.9200,Medium,7.89,8.04,1.975,12.191,,,0.8164,Medium,8.41,8.49,4.441,27.412,,,0.8464,Medium,7.91,8.09,4.606,28.434,,,0.8531,Medium,8.54,8.66,5.778,35.667,,,0.7759,Medium,,,,,,,,,8.46,8.63,5.484,33.853,,,0.8981,Medium
GSP1-WT-GDP,P32835,94,114,DVTSRITYKNVPNWHRDLVRV,8.33,4,18,,,,,,,,,7.91,7.92,3.185,19.663,,,0.7852,Medium,8.31,8.39,5.352,33.037,,,0.8492,Medium,7.90,7.93,6.724,41.505,,,0.7157,Medium,,,,,,,,,,,,,,,,,,,,,,,,
GSP1-WT-GDP,P32835,94,114,DVTSRITYKNVPNWHRDLVRV,8.33,5,18,7.91,7.98,1.986,12.261,,,0.6575,Medium,7.97,7.98,2.884,17.800,,,0.8694,Medium,8.34,8.44,5.044,31.138,,,0.8795,Medium,,,,,,,,,,,,,,,,,,,,,,,,,,,,,,,,
GSP1-WT-GDP,P32835,94,114,DVTSRITYKNVPNWHRDLVRV,8.33,6,18,,,,,,,,,,,,,,,,,,,,,,,,,7.90,7.93,5.489,33.884,,,0.7303,Medium,,,,,,,,,,,,,,,,,,,,,,,,
GSP1-WT-GDP,P32835,94,117,DVTSRITYKNVPNWHRDLVRVCEN,7.90,4,21,,,,,,,,,7.58,7.70,14.663,77.581,,,0.7854,Medium,,,,,,,,,,,,,,,,,,,,,,,,,,,,,,,,,,,,,,,,
GSP1-WT-GDP,P32835,94,117,DVTSRITYKNVPNWHRDLVRVCEN,7.90,5,21,,,,,,,,,,,,,,,,,,,,,,,,,,,,,,,,,,,,,,,,,,,,,,,,,,,,,,,,
GSP1-WT-GDP,P32835,97,114,SRITYKNVPNWHRDLVRV,6.87,4,15,7.00,7.01,1.323,9.798,,,0.8490,Medium,7.28,7.35,1.829,13.552,,,0.8484,Medium,,,,,,,,,,,,,,,,,,,,,,,,,,,,,,,,,,,,,,,,
GSP1-WT-GDP,P32835,97,114,SRITYKNVPNWHRDLVRV,6.87,5,15,6.95,7.11,1.040,7.702,,,0.9263,High,,,,,,,,,7.61,7.91,3.211,23.785,,,0.9132,Medium,7.31,7.33,3.167,23.459,,,0.8052,Medium,,,,,,,,,,,,,,,,,7.72,8.02,4.309,31.918,,,0.8985,Medium
GSP1-WT-GDP,P32835,98,122,RITYKNVPNWHRDLVRVCENIPIVL,10.38,4,21,10.36,10.66,3.298,17.451,,,0.7303,Medium,,,,,,,,,11.27,11.37,6.713,35.516,,,0.8379,Medium,10.68,10.69,12.022,63.608,,,0.6213,Medium,11.58,11.67,7.975,42.194,,,0.7723,Medium,,,,,,,,,11.46,11.52,8.327,44.057,,,0.7922,Medium
GSP1-WT-GDP,P32835,98,122,RITYKNVPNWHRDLVRVCENIPIVL,10.38,5,21,,,,,,,,,,,,,,,,,,,,,,,,,,,,,,,,,,,,,,,,,,,,,,,,,,,,,,,,
GSP1-WT-GDP,P32835,108,122,HRDLVRVCENIPIVL,9.47,3,12,9.49,9.79,2.613,24.198,,,0.8376,Medium,,,,,,,,,10.37,10.51,4.820,44.628,,,0.9162,High,,,,,,,,,,,,,,,,,,,,,,,,,,,,,,,,
GSP1-WT-GDP,P32835,112,122,VRVCENIPIVL,10.98,2,8,10.12,10.28,2.701,37.511,,,0.8824,Medium,10.44,10.61,3.490,48.473,,,0.7364,Medium,10.88,11.06,4.161,57.791,,,0.8208,Medium,10.45,10.64,4.193,58.233,,,0.9064,Medium,11.14,11.31,4.746,65.911,,,0.8801,Medium,,,,,,,,,11.07,11.20,4.808,66.781,,,0.9004,Medium
GSP1-WT-GDP,P32835,117,122,NIPIVL,10.19,1,3,10.28,10.57,0.024,0.893,,,0.9321,Medium,10.63,10.85,0.043,1.583,,,0.9154,Medium,11.12,11.18,0.258,9.542,,,0.9025,Medium,10.58,10.88,0.443,16.400,,,0.8719,Medium,11.35,11.38,0.622,23.028,,,0.9094,Medium,,,,,,,,,11.22,11.37,0.742,27.465,,,0.8457,Medium
GSP1-WT-GDP,P32835,118,122,IPIVL,10.90,1,3,10.95,10.95,1.959,72.569,,,0.6617,Medium,10.69,10.70,-0.099,-3.684,,,0.7857,Medium,10.86,10.92,0.350,12.975,,,0.9643,Medium,10.32,10.62,0.459,17.002,,,0.9585,Medium,11.00,11.34,0.654,24.221,,,0.9585,Medium,,,,,,,,,11.00,11.05,0.721,26.709,,,0.9658,Medium
GSP1-WT-GDP,P32835,123,138,CGNKVDVKERKVKAKT,4.30,3,14,3.92,4.05,3.201,25.403,,,0.8628,Medium,4.16,4.18,3.901,30.956,,,0.7814,Medium,4.25,4.42,4.261,33.815,6.280,49.843,0.8975,Medium,4.07,4.30,4.362,34.619,,,0.8659,Medium,4.40,4.47,5.037,39.977,,,0.9035,Medium,,,,,,,,,4.33,4.34,5.208,41.331,,,0.6874,Medium
GSP1-WT-GDP,P32835,123,138,CGNKVDVKERKVKAKT,4.30,4,14,4.01,4.17,3.765,29.878,,,0.7124,Medium,4.08,4.22,3.136,24.892,5.021,39.846,0.8303,Medium,,,,,,,,,,,,,,,,,,,,,,,,,,,,,,,,,4.30,4.31,5.984,47.493,,,0.7426,Medium
GSP1-WT-GDP,P32835,123,141,CGNKVDVKERKVKAKTITF,5.61,2,17,,,,,,,,,5.26,5.41,5.489,35.878,,,0.7226,Medium,,,,,,,,,5.26,5.41,6.535,42.709,,,0.7495,Medium,,,,,,,,,,,,,,,,,,,,,,,,
GSP1-WT-GDP,P32835,123,141,CGNKVDVKERKVKAKTITF,5.61,3,17,5.00,5.20,3.928,25.673,,,0.9086,Medium,5.19,5.41,4.585,29.969,,,0.8990,Medium,5.51,5.81,5.771,37.719,,,0.8656,Medium,5.34,5.47,5.330,34.837,,,0.9065,Medium,5.75,5.87,6.294,41.135,,,0.9072,Medium,,,,,,,,,5.63,5.83,6.270,40.980,,,0.8355,Medium
GSP1-WT-GDP,P32835,123,141,CGNKVDVKERKVKAKTITF,5.61,4,17,5.00,5.13,4.882,31.910,,,0.8442,Medium,5.28,5.29,5.208,34.039,,,0.8486,Medium,,,,,,,,,5.23,5.53,6.403,41.850,,,0.7311,Medium,,,,,,,,,,,,,,,,,,,,,,,,
GSP1-WT-GDP,P32835,139,154,ITFHRKKNLQYYDISA,7.44,3,14,6.99,7.00,11.602,92.079,,,0.8033,Medium,,,,,,,,,,,,,,,,,,,,,,,,,,,,,,,,,,,,,,,,,,,,,,,,
GSP1-WT-GDP,P32835,142,154,HRKKNLQYYDISA,6.65,2,11,6.00,6.16,0.451,4.553,,,0.7891,Medium,5.62,5.77,9.471,95.665,,,0.8743,Medium,5.96,6.10,9.400,94.948,,,0.8337,Medium,5.72,5.82,9.433,95.279,,,0.8839,Medium,6.13,6.31,9.392,94.873,,,0.8230,Medium,,,,,,,,,6.03,6.21,9.366,94.608,,,0.8507,Medium
GSP1-WT-GDP,P32835,144,167,KKNLQYYDISAKSNYNFEKPFLWL,11.68,4,21,10.83,10.85,3.764,19.916,,,0.6200,Medium,11.07,11.41,3.004,15.896,5.896,31.194,0.7447,Medium,11.65,11.65,7.366,38.972,,,0.6522,Medium,,,,,,,,,10.94,10.95,0.391,2.071,,,0.5772,Medium,,,,,,,,,11.20,11.40,0.096,0.510,,,0.6341,Medium
GSP1-WT-GDP,P32835,149,154,YYDISA,7.54,1,4,7.55,7.75,0.255,7.070,,,0.7702,Medium,7.96,8.11,0.081,2.249,,,0.8564,Medium,8.22,8.34,2.132,59.217,,,0.7383,Medium,8.01,8.17,0.326,9.069,,,0.8500,Medium,8.63,8.76,0.172,4.787,,,0.7491,Medium,,,,,,,,,8.55,8.64,0.347,9.639,,,0.7903,Medium
GSP1-WT-GDP,P32835,149,165,YYDISAKSNYNFEKPFL,9.88,3,14,9.99,10.09,1.274,10.110,,,0.7897,Medium,10.40,10.50,1.207,9.575,,,0.8954,Medium,10.93,10.98,2.754,21.861,,,0.8470,Medium,10.43,10.60,3.592,28.509,,,0.7391,Medium,11.07,11.23,3.874,30.745,,,0.8416,Medium,,,,,,,,,11.04,11.14,4.395,34.881,,,0.8042,Medium
GSP1-WT-GDP,P32835,149,167,YYDISAKSNYNFEKPFLWL,12.20,3,16,12.23,12.53,0.755,5.245,,,0.8818,Medium,12.48,12.65,1.388,9.637,,,0.7564,Medium,13.05,13.35,2.745,19.066,,,0.8775,Medium,12.57,12.58,2.368,16.445,,,0.7330,Medium,,,,,,,,,,,,,,,,,,,,,,,,
GSP1-WT-GDP,P32835,150,154,YDISA,6.42,1,3,6.38,6.59,-0.029,-1.085,,,0.8094,Medium,6.78,6.89,-0.016,-0.589,,,0.7414,Medium,6.86,7.35,0.050,1.841,,,0.5927,Medium,6.90,7.01,-0.057,-2.094,,,0.8284,Medium,7.36,7.59,-0.064,-2.376,,,0.8077,Medium,,,,,,,,,7.23,7.45,-0.024,-0.889,,,0.7780,Medium
GSP1-WT-GDP,P32835,150,158,YDISAKSNY,6.98,2,7,6.15,6.45,0.359,5.703,,,0.9139,Medium,6.55,6.55,0.210,3.334,,,0.8407,Medium,7.01,7.05,1.063,16.865,,,0.8740,Medium,6.65,6.83,1.448,22.982,,,0.8937,Medium,7.15,7.35,1.782,28.291,,,0.8438,Medium,,,,,,,,,7.04,7.26,1.922,30.506,,,0.9012,Medium
GSP1-WT-GDP,P32835,150,165,YDISAKSNYNFEKPFL,10.62,2,13,9.73,10.00,1.205,10.297,,,0.7263,Medium,9.99,10.29,1.680,14.359,,,0.6975,Medium,10.61,10.82,2.662,22.756,,,0.8390,Medium,10.12,10.35,3.247,27.756,,,0.7135,Medium,10.78,10.98,4.432,37.878,,,0.6696,Medium,,,,,,,,,10.74,10.95,4.316,36.892,,,0.8773,Medium
GSP1-WT-GDP,P32835,150,165,YDISAKSNYNFEKPFL,10.62,3,13,,,,,,,,,10.14,10.19,0.781,6.674,,,0.7914,Medium,,,,,,,,,,,,,,,,,,,,,,,,,,,,,,,,,10.71,11.01,4.288,36.654,,,0.6918,Medium
GSP1-WT-GDP,P32835,150,167,YDISAKSNYNFEKPFLWL,12.05,2,15,12.39,12.39,0.842,6.237,,,0.6722,Medium,12.52,12.53,1.009,7.472,,,0.6239,Medium,,,,,,,,,12.55,12.56,2.838,21.023,,,0.8375,Medium,,,,,,,,,,,,,,,,,13.28,13.29,1.458,10.797,4.815,35.663,0.7604,Medium
GSP1-WT-GDP,P32835,150,167,YDISAKSNYNFEKPFLWL,12.05,3,15,12.14,12.64,0.846,6.270,,,0.9238,High,12.43,12.45,0.973,7.207,,,0.8445,Medium,,,,,,,,,12.43,12.44,2.979,22.068,,,0.9215,Medium,,,,,,,,,,,,,,,,,13.19,13.49,4.221,31.268,,,0.9543,High
GSP1-WT-GDP,P32835,152,167,ISAKSNYNFEKPFLWL,11.71,3,13,12.01,12.02,0.102,0.874,,,0.8010,Medium,11.98,12.21,0.751,6.421,,,0.6107,Medium,12.42,12.72,2.380,20.339,,,0.5640,Medium,12.14,12.43,2.559,21.876,,,0.9267,High,,,,,,,,,,,,,,,,,12.84,13.14,3.838,32.799,,,0.9131,Medium
GSP1-WT-GDP,P32835,154,165,AKSNYNFEKPFL,9.89,3,9,9.04,9.09,0.328,4.046,,,0.9366,Medium,9.33,9.57,0.497,6.141,,,0.9517,Medium,9.91,9.95,1.961,24.214,,,0.9015,Medium,9.35,9.61,1.881,23.227,,,0.9305,Medium,10.10,10.25,2.602,32.120,,,0.7980,Medium,,,,,,,,,10.03,10.15,3.284,40.541,,,0.7734,Medium
GSP1-WT-GDP,P32835,154,167,AKSNYNFEKPFLWL,11.66,3,11,11.76,11.93,0.477,4.822,,,0.9278,High,12.10,12.41,0.677,6.838,,,0.9695,High,12.72,12.83,1.812,18.307,,,0.9623,High,12.04,12.40,2.164,21.857,,,0.9611,High,12.99,13.14,2.731,27.584,,,0.9714,High,,,,,,,,,12.88,12.99,3.120,31.512,,,0.9495,High
GSP1-WT-GDP,P32835,155,165,KSNYNFEKPFL,9.86,1,8,8.95,9.14,0.253,3.521,,,0.8938,High,9.33,9.50,0.407,5.658,,,0.9154,High,9.82,10.02,1.468,20.387,,,0.8972,High,9.44,9.51,1.786,24.803,,,0.9243,High,10.07,10.15,2.343,32.538,,,0.8961,High,,,,,,,,,9.99,10.16,2.627,36.488,,,0.8579,High
GSP1-WT-GDP,P32835,155,165,KSNYNFEKPFL,9.86,2,8,8.97,9.13,0.276,3.829,,,0.9173,High,9.32,9.59,0.435,6.048,,,0.9544,High,9.84,9.97,1.483,20.599,,,0.9380,High,9.38,9.60,1.716,23.826,,,0.9484,High,10.10,10.26,2.313,32.120,,,0.9517,High,,,,,,,,,10.04,10.19,2.607,36.211,,,0.9534,High
GSP1-WT-GDP,P32835,155,167,KSNYNFEKPFLWL,12.72,2,10,12.00,12.01,0.402,4.470,,,0.9124,High,12.34,12.36,0.567,6.303,,,0.9687,High,12.48,12.49,1.701,18.902,,,0.8504,Medium,12.36,12.37,1.997,22.187,,,0.9705,High,12.79,12.80,2.462,27.354,,,0.8563,Medium,,,,,,,,,12.67,12.67,3.001,33.339,,,0.8826,Medium
GSP1-WT-GDP,P32835,155,167,KSNYNFEKPFLWL,12.72,3,10,12.00,12.01,0.341,3.784,,,0.9063,High,12.35,12.37,0.569,6.325,,,0.9654,High,12.40,12.90,1.708,18.981,,,0.9722,High,12.35,12.36,1.965,21.830,,,0.9504,High,12.93,13.23,2.533,28.143,,,0.9775,High,,,,,,,,,12.72,13.12,2.978,33.087,,,0.9639,High
GSP1-WT-GDP,P32835,155,179,KSNYNFEKPFLWLARKLAGNPQLEF,12.82,4,21,11.82,12.02,2.898,15.334,,,0.7466,Medium,11.06,11.36,3.516,18.601,,,0.7083,Medium,11.53,11.78,6.128,32.425,,,0.7190,Medium,,,,,,,,,11.85,12.07,7.766,41.092,,,0.7458,Medium,,,,,,,,,11.68,11.90,8.140,43.068,,,0.7232,Medium
GSP1-WT-GDP,P32835,159,165,NFEKPFL,10.19,1,4,9.45,9.48,0.213,5.914,,,0.9309,Medium,9.73,9.74,0.331,9.181,,,0.9375,Medium,10.19,10.30,0.930,25.827,,,0.9644,Medium,9.74,9.75,1.057,29.357,,,0.9399,Medium,10.44,10.56,1.296,35.989,,,0.9696,Medium,,,,,,,,,10.35,10.51,1.262,35.042,,,0.9652,Medium
GSP1-WT-GDP,P32835,159,165,NFEKPFL,10.19,2,4,,,,,,,,,9.75,9.76,0.299,8.312,,,0.9663,High,10.17,10.17,0.864,24.007,,,0.9416,Medium,9.74,9.75,0.987,27.427,,,0.9664,High,7.83,8.13,1.335,37.089,,,0.9699,High,,,,,,,,,10.33,10.34,1.250,34.719,,,0.9208,Medium
GSP1-WT-GDP,P32835,159,167,NFEKPFLWL,12.49,1,6,12.55,12.80,0.147,2.717,,,0.9490,High,12.97,13.14,0.214,3.967,,,0.9425,High,13.50,13.67,0.846,15.662,,,0.9489,High,12.98,13.09,0.948,17.549,,,0.9323,High,13.82,13.99,1.185,21.938,,,0.9411,Medium,,,,,,,,,13.75,13.89,1.272,23.549,,,0.9319,High
GSP1-WT-GDP,P32835,160,167,FEKPFLWL,13.57,1,5,12.61,12.67,0.186,4.137,,,0.9253,Medium,13.02,13.06,0.200,4.450,,,0.9458,Medium,,,,,,,,,12.96,13.13,0.470,10.436,,,0.9332,Medium,,,,,,,,,,,,,,,,,,,,,,,,
GSP1-WT-GDP,P32835,160,167,FEKPFLWL,13.57,2,5,12.77,12.78,0.187,4.153,,,0.8640,Medium,12.91,13.32,0.242,5.383,,,0.9394,Medium,13.49,13.50,0.398,8.846,,,0.9022,Medium,12.92,12.95,0.542,12.035,,,0.9001,Medium,,,,,,,,,,,,,,,,,,,,,,,,
GSP1-WT-GDP,P32835,161,167,EKPFLWL,11.91,2,4,,,,,,,,,12.30,12.60,0.087,2.416,,,0.9280,Medium,12.84,13.15,0.074,2.046,,,0.8367,Medium,12.30,12.59,0.108,3.001,,,0.8378,Medium,,,,,,,,,,,,,,,,,,,,,,,,
GSP1-WT-GDP,P32835,166,177,WLARKLAGNPQL,8.26,2,9,7.38,7.68,1.649,20.355,,,0.8912,High,8.04,8.04,1.486,18.351,,,0.8180,Medium,8.17,8.42,3.048,37.630,,,0.9455,High,8.03,8.04,3.051,37.672,,,0.8707,Medium,8.28,8.58,3.636,44.888,,,0.9373,High,,,,,,,,,8.29,8.54,3.775,46.603,,,0.9184,High
GSP1-WT-GDP,P32835,166,177,WLARKLAGNPQL,8.26,3,9,7.27,7.57,1.754,21.659,,,0.9629,Medium,8.03,8.04,1.839,22.708,,,0.8555,Medium,8.17,8.18,3.322,41.016,,,0.8531,Medium,8.04,8.05,3.235,39.943,,,0.8800,Medium,8.38,8.39,3.656,45.130,,,0.8157,Medium,,,,,,,,,,,,,,,,
GSP1-WT-GDP,P32835,166,178,WLARKLAGNPQLE,7.82,2,10,7.12,7.15,1.716,19.071,,,0.9559,High,7.39,7.49,2.091,23.236,,,0.9662,High,7.79,7.93,3.559,39.546,,,0.9605,High,7.46,7.55,3.602,40.025,,,0.9632,High,8.01,8.10,4.223,46.923,,,0.8466,Medium,,,,,,,,,7.89,8.01,4.436,49.290,,,0.9555,High
GSP1-WT-GDP,P32835,166,178,WLARKLAGNPQLE,7.82,3,10,7.10,7.18,1.776,19.736,,,0.9390,Medium,7.43,7.57,2.353,26.143,,,0.9252,Medium,7.75,8.00,3.767,41.855,,,0.9253,Medium,7.47,7.64,3.677,40.852,,,0.9313,Medium,7.89,8.19,4.655,51.721,,,0.8455,Medium,,,,,,,,,,,,,,,,
GSP1-WT-GDP,P32835,166,179,WLARKLAGNPQLEF,9.96,2,11,9.36,9.37,2.520,25.450,,,0.8906,Medium,9.53,9.54,3.030,30.603,,,0.9326,High,9.89,10.27,4.785,48.335,,,0.9605,High,9.53,9.54,4.928,49.781,,,0.9659,High,10.15,10.15,5.586,56.425,,,0.9497,High,,,,,,,,,10.06,10.06,5.942,60.017,,,0.8738,Medium
GSP1-WT-GDP,P32835,166,179,WLARKLAGNPQLEF,9.96,3,11,9.36,9.38,2.547,25.728,,,0.9459,Medium,9.53,9.54,3.028,30.584,,,0.9751,High,9.91,9.91,4.981,50.313,,,0.9446,High,9.52,9.53,4.921,49.708,,,0.9608,High,10.11,10.41,5.411,54.661,,,0.9671,High,,,,,,,,,10.01,10.31,5.708,57.653,,,0.9683,High
GSP1-WT-GDP,P32835,167,179,LARKLAGNPQLEF,8.73,2,10,8.35,8.36,1.640,18.221,,,0.8293,Medium,8.78,8.83,2.400,26.664,,,0.8958,Medium,9.77,10.07,3.167,35.185,,,0.5734,Medium,8.82,8.83,1.905,21.165,4.007,44.523,0.9048,Medium,10.00,10.30,4.009,44.543,,,0.6399,Medium,,,,,,,,,9.16,9.46,4.128,45.863,,,0.8655,Medium
GSP1-WT-GDP,P32835,167,179,LARKLAGNPQLEF,8.73,3,10,,,,,,,,,8.24,8.40,2.789,30.992,,,0.9146,Medium,,,,,,,,,8.32,8.45,4.308,47.868,,,0.8254,Medium,,,,,,,,,,,,,,,,,,,,,,,,
GSP1-WT-GDP,P32835,168,177,ARKLAGNPQL,5.87,1,7,5.17,5.47,1.664,26.405,,,0.8413,Medium,5.43,5.73,1.924,30.533,,,0.8564,Medium,5.82,5.97,3.083,48.940,,,0.8246,Medium,4.91,5.08,2.885,45.786,6.960,110.469,0.5528,Medium,6.00,6.16,3.586,56.918,,,0.8579,Medium,,,,,,,,,5.92,5.98,3.638,57.741,,,0.8458,Medium
GSP1-WT-GDP,P32835,168,177,ARKLAGNPQL,5.87,2,7,5.46,5.47,1.391,22.082,,,0.8833,Medium,5.72,5.73,1.786,28.348,,,0.8720,Medium,5.81,5.95,3.003,47.660,,,0.9631,High,5.78,5.79,2.644,41.972,,,0.8095,Medium,5.97,5.97,3.722,59.077,,,0.8646,Medium,,,,,,,,,5.89,6.02,3.629,57.599,,,0.9646,High
GSP1-WT-GDP,P32835,168,178,ARKLAGNPQLE,5.44,2,8,,,,,,,,,5.29,5.31,2.112,29.338,,,0.8809,Medium,5.46,5.47,3.611,50.148,,,0.9441,High,5.30,5.31,3.462,48.081,,,0.9046,Medium,5.49,5.79,4.100,56.941,,,0.9307,Medium,,,,,,,,,5.38,5.68,4.143,57.535,,,0.9306,Medium
GSP1-WT-GDP,P32835,168,179,ARKLAGNPQLEF,8.48,2,9,8.23,8.25,3.427,42.314,,,0.9686,High,8.24,8.25,2.557,31.569,,,0.9651,High,8.39,8.69,4.221,52.115,,,0.9563,High,8.03,8.45,4.198,51.833,,,0.9681,High,8.67,8.68,4.884,60.294,,,0.9369,High,,,,,,,,,8.52,8.96,4.841,59.765,,,0.9471,High
GSP1-WT-GDP,P32835,168,179,ARKLAGNPQLEF,8.48,3,9,7.63,7.93,2.168,26.762,,,0.9596,Medium,8.24,8.24,2.664,32.893,,,0.8288,Medium,,,,,,,,,8.24,8.24,3.989,49.247,,,0.9099,High,8.59,8.89,4.791,59.144,,,0.9689,Medium,,,,,,,,,8.49,8.79,4.851,59.886,,,0.9660,High
GSP1-WT-GDP,P32835,176,184,QLEFVASPA,7.39,2,6,7.29,7.67,0.443,8.195,,,0.7643,Medium,7.46,7.59,0.291,5.383,,,0.7412,Medium,7.60,7.88,3.550,65.740,,,0.7001,Medium,7.42,7.61,3.456,64.009,,,0.6529,Medium,7.94,8.13,3.354,62.110,,,0.6849,Medium,,,,,,,,,,,,,,,,
GSP1-WT-GDP,P32835,178,182,EFVAS,5.70,1,3,,,,,,,,,6.54,6.55,0.089,3.283,,,0.8702,Medium,,,,,,,,,6.58,6.58,0.611,22.611,,,0.5331,Medium,,,,,,,,,,,,,,,,,,,,,,,,
GSP1-WT-GDP,P32835,178,191,EFVASPALAPPEVQ,8.33,1,9,9.20,9.49,4.921,60.754,,,0.8523,High,8.72,8.72,4.200,51.853,,,0.6555,Medium,10.00,10.30,5.929,73.196,,,0.8930,High,9.58,9.88,5.670,69.997,,,0.8321,Medium,,,,,,,,,,,,,,,,,,,,,,,,
GSP1-WT-GDP,P32835,178,191,EFVASPALAPPEVQ,8.33,2,9,8.62,8.63,0.112,1.379,4.286,52.910,0.5861,Medium,8.71,8.72,4.450,54.943,,,0.8249,Medium,9.75,10.05,5.305,65.489,,,0.6580,Medium,8.71,8.71,5.712,70.524,,,0.6719,Medium,10.00,10.30,6.158,76.023,,,0.6892,Medium,,,,,,,,,10.60,10.90,2.465,30.428,4.629,57.146,0.6577,Medium
GSP1-WT-GDP,P32835,178,195,EFVASPALAPPEVQVDEQ,9.48,2,13,9.08,9.39,11.173,95.492,,,0.9641,Medium,9.04,9.19,6.832,58.390,8.639,73.840,0.6200,Medium,,,,,,,,,9.04,9.19,8.535,72.946,,,0.6250,Medium,,,,,,,,,,,,,,,,,,,,,,,,
GSP1-WT-GDP,P32835,178,196,EFVASPALAPPEVQVDEQL,10.84,2,14,9.89,10.10,7.183,57.011,,,0.9739,High,10.25,10.47,8.116,64.410,,,0.9651,High,10.67,10.94,10.175,80.754,,,0.9658,High,10.26,10.49,10.138,80.464,,,0.9652,High,10.92,11.17,10.762,85.409,,,0.9597,High,,,,,,,,,10.78,11.08,10.645,84.485,,,0.9591,High
GSP1-WT-GDP,P32835,178,196,EFVASPALAPPEVQVDEQL,10.84,3,14,,,,,,,,,10.37,10.38,7.095,56.310,,,0.7841,Medium,,,,,,,,,10.37,10.38,9.102,72.241,,,0.8183,Medium,,,,,,,,,,,,,,,,,,,,,,,,
GSP1-WT-GDP,P32835,179,192,FVASPALAPPEVQV,8.99,2,9,9.11,9.19,3.446,42.540,5.073,62.634,0.7486,Medium,9.41,9.53,4.644,57.330,,,0.7267,Medium,9.89,9.92,5.948,73.429,,,0.7792,Medium,9.47,9.48,6.484,80.053,,,0.7987,Medium,9.44,9.45,7.609,93.933,,,0.6840,Medium,,,,,,,,,9.44,9.45,8.845,109.193,,,0.8593,Medium
GSP1-WT-GDP,P32835,179,196,FVASPALAPPEVQVDEQL,9.63,2,13,9.69,9.88,7.083,60.541,,,0.9433,High,9.93,10.09,8.009,68.449,,,0.8306,Medium,10.00,10.02,10.558,90.239,,,0.5703,Medium,10.01,10.02,9.548,81.611,,,0.7386,Medium,10.70,10.94,10.123,86.525,,,0.9486,High,,,,,,,,,10.62,10.84,9.994,85.415,,,0.9438,High
GSP1-WT-GDP,P32835,179,196,FVASPALAPPEVQVDEQL,9.63,3,13,9.78,9.83,6.944,59.354,,,0.8209,Medium,,,,,,,,,,,,,,,,,,,,,,,,,,,,,,,,,,,,,,,,,,,,,,,,
GSP1-WT-GDP,P32835,180,191,VASPALAPPEVQ,7.67,1,7,,,,,,,,,7.45,7.45,3.138,49.803,,,0.5740,Medium,7.50,7.80,5.045,80.078,,,0.8918,Medium,,,,,,,,,7.95,7.95,5.295,84.055,,,0.7367,Medium,,,,,,,,,7.89,7.90,5.313,84.335,,,0.6820,Medium
GSP1-WT-GDP,P32835,180,191,VASPALAPPEVQ,7.67,2,7,7.65,7.77,2.667,42.334,,,0.7553,Medium,7.98,7.99,2.181,34.626,,,0.6421,Medium,8.44,8.74,2.684,42.605,4.475,71.037,0.5788,Medium,8.05,8.06,2.063,32.743,3.648,57.906,0.6474,Medium,7.87,7.88,4.912,77.969,,,0.7810,Medium,,,,,,,,,8.53,8.83,3.925,62.306,6.568,104.249,0.5693,Medium
GSP1-WT-GDP,P32835,180,192,VASPALAPPEVQV,9.07,1,8,8.21,8.51,4.302,59.756,,,0.9214,Medium,,,,,,,,,9.02,9.13,6.102,84.755,,,0.9104,High,,,,,,,,,,,,,,,,,,,,,,,,,9.14,9.26,6.630,92.084,,,0.9297,High
GSP1-WT-GDP,P32835,180,192,VASPALAPPEVQV,9.07,2,8,,,,,,,,,8.80,8.81,4.402,61.135,,,0.6956,Medium,9.02,9.14,4.243,58.928,6.468,89.837,0.9477,Medium,8.83,8.83,4.875,67.702,6.797,94.399,0.8070,Medium,,,,,,,,,,,,,,,,,,,,,,,,
GSP1-WT-GDP,P32835,180,193,VASPALAPPEVQVD,7.63,2,9,,,,,,,,,,,,,,,,,,,,,,,,,,,,,,,,,,,,,,,,,,,,,,,,,,,,,,,,
GSP1-WT-GDP,P32835,180,194,VASPALAPPEVQVDE,8.48,2,10,6.14,6.45,4.371,48.561,,,0.8340,Medium,6.70,6.70,5.439,60.432,,,0.5507,Medium,7.05,7.06,5.007,55.630,,,0.7826,Medium,6.77,6.78,5.505,61.165,,,0.5830,Medium,6.90,7.20,4.257,47.304,,,0.7956,Medium,,,,,,,,,7.01,7.16,4.705,52.276,,,0.8822,Medium
GSP1-WT-GDP,P32835,180,196,VASPALAPPEVQVDEQL,9.89,1,12,8.99,9.23,6.427,59.510,,,0.9407,High,9.31,9.60,7.154,66.240,,,0.9408,High,9.75,10.07,8.940,82.777,,,0.9199,High,9.41,9.63,8.906,82.459,,,0.9388,High,9.93,10.33,9.535,88.289,,,0.9393,High,,,,,,,,,9.94,10.08,9.489,87.862,,,0.9452,High
GSP1-WT-GDP,P32835,180,196,VASPALAPPEVQVDEQL,9.89,2,12,8.98,9.30,6.208,57.478,,,0.9657,High,9.37,9.53,6.961,64.456,,,0.9644,High,9.78,10.08,8.630,79.912,,,0.9646,High,9.38,9.61,8.601,79.639,,,0.9667,High,9.97,10.32,9.167,84.877,,,0.9630,High,,,,,,,,,9.93,10.22,9.066,83.945,,,0.9622,High
GSP1-WT-GDP,P32835,183,196,PALAPPEVQVDEQL,9.87,2,10,9.32,9.46,4.174,46.375,,,0.8888,Medium,9.40,9.80,5.115,56.830,,,0.6734,Medium,,,,,,,,,9.55,9.66,4.402,48.914,,,0.7687,Medium,,,,,,,,,,,,,,,,,,,,,,,,
GSP1-WT-GDP,P32835,192,196,VDEQL,7.01,1,3,6.32,6.43,1.032,38.219,,,0.9432,High,6.64,6.67,1.246,46.130,,,0.9103,Medium,6.88,7.06,1.692,62.679,,,0.8311,Medium,6.69,6.74,1.581,58.572,,,0.7924,Medium,7.20,7.29,1.782,66.008,,,0.8992,Medium,,,,,,,,,7.15,7.22,1.732,64.163,,,0.9321,Medium
GSP1-WT-GDP,P32835,193,196,DEQL,5.89,1,2,5.91,5.98,0.755,41.948,,,0.8416,Medium,6.26,6.35,0.949,52.727,,,0.8760,Medium,6.61,6.68,1.326,73.659,,,0.9173,Medium,6.27,6.40,1.329,73.833,,,0.8454,Medium,6.77,6.90,1.378,76.570,,,0.8607,Medium,,,,,,,,,6.71,6.78,1.445,80.300,,,0.8192,Medium
GSP1-WT-GDP,P32835,197,206,MQQYQQEMEQ,6.98,1,8,6.23,6.73,5.589,77.621,,,0.5269,Medium,6.53,7.03,6.203,86.156,,,0.5777,Medium,6.96,7.02,6.793,94.351,,,0.7810,Medium,6.65,7.26,6.878,95.523,,,0.6177,Medium,7.15,7.28,7.318,101.642,,,0.7443,Medium,,,,,,,,,7.08,7.22,7.217,100.243,,,0.6854,Medium
GSP1-WT-GDP,P32835,197,206,MQQYQQEMEQ,6.98,2,8,6.09,6.39,2.952,41.001,,,0.8975,Medium,6.47,6.67,4.436,61.611,,,0.8479,Medium,6.93,7.05,5.668,78.717,,,0.8821,Medium,6.62,6.75,5.513,76.563,,,0.8699,Medium,7.11,7.26,6.071,84.314,,,0.8360,Medium,,,,,,,,,7.05,7.24,5.934,82.413,,,0.8398,Medium
GSP1-WT-GDP,P32835,197,207,MQQYQQEMEQA,7.67,1,9,6.83,6.96,4.288,52.940,,,0.8632,High,7.16,7.28,5.814,71.778,,,0.8251,Medium,7.60,7.72,7.168,88.492,,,0.8679,High,7.26,7.37,6.899,85.171,,,0.8670,High,7.84,7.95,7.292,90.024,,,0.8524,High,,,,,,,,,7.75,7.85,7.132,88.045,,,0.8808,High
GSP1-WT-GDP,P32835,197,207,MQQYQQEMEQA,7.67,2,9,6.77,6.92,4.588,56.646,,,0.8451,Medium,7.21,7.30,5.680,70.121,,,0.8302,Medium,7.59,7.80,7.194,88.816,,,0.8424,Medium,7.30,7.37,6.686,82.541,,,0.8712,Medium,7.78,8.01,7.435,91.785,,,0.8451,Medium,,,,,,,,,7.73,7.94,7.304,90.179,,,0.8503,Medium
GSP1-WT-GDP,P32835,197,216,MQQYQQEMEQATALPLPDED,9.38,2,16,9.42,9.55,8.098,56.238,,,0.8813,High,9.81,9.97,9.860,68.473,,,0.8691,High,10.18,10.40,11.240,78.058,,,0.9042,High,9.86,9.97,11.158,77.485,,,0.9102,High,10.48,10.68,11.677,81.089,,,0.8789,High,,,,,,,,,10.42,10.53,11.811,82.018,,,0.8727,High
GSP1-WT-GDP,P32835,197,217,MQQYQQEMEQATALPLPDEDD,9.36,2,17,9.78,9.79,3.765,24.608,,,0.9397,Medium,10.10,10.26,4.564,29.831,,,0.9479,Medium,10.57,10.79,6.050,39.542,,,0.9496,Medium,10.15,10.23,5.935,38.793,,,0.9607,Medium,10.86,11.01,6.923,45.248,,,0.9544,Medium,,,,,,,,,10.69,10.90,7.264,47.477,,,0.9404,Medium
GSP1-WT-GDP,P32835,197,220,MQQYQQEMEQATALPLPDEDDADL,11.13,2,20,10.11,10.41,9.167,50.926,,,0.9452,High,10.77,10.78,10.676,59.314,,,0.8923,High,11.01,11.29,12.509,69.494,,,0.9407,High,10.77,10.79,11.944,66.354,,,0.9054,High,10.89,11.39,12.677,70.428,,,0.8896,High,,,,,,,,,11.19,11.19,12.563,69.796,,,0.7926,Medium
GSP1-WT-GDP,P32835,200,220,YQQEMEQATALPLPDEDDADL,10.74,2,17,9.80,9.94,7.227,47.234,,,0.9281,Medium,10.19,10.36,10.810,70.655,,,0.7685,Medium,10.63,10.88,9.463,61.852,,,0.9102,Medium,10.21,10.41,8.716,56.968,,,0.9242,High,10.90,11.08,9.459,61.825,,,0.9456,Medium,,,,,,,,,10.82,11.02,9.333,60.997,,,0.9453,Medium
GSP1-WT-GDP,P32835,204,220,MEQATALPLPDEDDADL,10.51,1,13,9.52,9.81,5.932,50.699,,,0.8634,High,10.15,10.40,6.513,55.669,,,0.7996,Medium,10.39,10.63,7.027,60.063,,,0.9291,High,10.20,10.21,6.541,55.906,,,0.6828,Medium,10.60,10.89,7.419,63.410,,,0.9090,High,,,,,,,,,10.57,10.75,7.321,62.574,,,0.9291,High
GSP1-WT-GDP,P32835,204,220,MEQATALPLPDEDDADL,10.51,2,13,9.49,9.75,5.351,45.734,,,0.9575,High,9.85,10.14,6.147,52.542,,,0.9592,High,10.28,10.63,6.374,54.479,,,0.9528,High,9.88,10.21,6.210,53.079,,,0.9479,High,10.60,10.90,6.843,58.489,,,0.9325,High,,,,,,,,,10.42,10.59,6.904,59.006,,,0.9121,High
GSP1-WT-GDP,P32835,207,220,ATALPLPDEDDADL,10.17,1,10,9.20,9.50,3.854,42.819,,,0.8885,High,8.68,8.98,3.406,37.842,,,0.8370,Medium,10.07,10.29,4.773,53.034,,,0.8784,High,9.58,9.88,4.458,49.532,,,0.8985,High,10.25,10.55,5.150,57.219,,,0.8645,High,,,,,,,,,10.22,10.44,5.072,56.352,,,0.9236,High
GSP1-WT-GDP,P32835,207,220,ATALPLPDEDDADL,10.17,2,10,9.25,9.42,3.211,35.683,,,0.8760,Medium,9.66,9.84,3.773,41.923,,,0.9142,Medium,10.06,10.30,3.945,43.832,,,0.8991,Medium,9.70,9.85,3.648,40.530,,,0.9330,Medium,10.30,10.51,4.264,47.379,,,0.9059,Medium,,,,,,,,,10.21,10.43,4.114,45.710,,,0.8957,Medium
GSP1-WT-GDP,P32835,208,220,TALPLPDEDDADL,10.12,1,9,9.22,9.42,3.587,44.289,,,0.9432,High,9.61,9.81,4.023,49.664,,,0.9568,High,10.07,10.18,4.262,52.615,,,0.8964,High,9.63,9.85,4.017,49.596,,,0.9370,High,10.26,10.46,4.528,55.905,,,0.9422,High,,,,,,,,,10.16,10.40,4.462,55.088,,,0.9578,High
GSP1-WT-GDP,P32835,208,220,TALPLPDEDDADL,10.12,2,9,9.28,9.42,2.846,35.136,,,0.9386,Medium,9.64,9.74,3.294,40.665,,,0.9189,Medium,10.12,10.20,3.475,42.896,,,0.9282,Medium,9.69,9.77,3.209,39.619,,,0.8756,Medium,10.37,10.49,3.789,46.774,,,0.8930,Medium,,,,,,,,,10.24,10.35,3.848,47.505,,,0.8581,Medium
GSP1-WT-GTP,P32835,1,14,GSSAPAANGEVPTF,9.14,1,10,,,,,,,,,10.03,10.31,4.980,55.328,,,0.9445,High,10.31,10.45,5.175,57.499,,,0.9256,High,,,,,,,,,11.01,11.06,5.153,57.250,,,0.9284,Medium,11.27,11.45,5.500,61.114,,,0.9516,High,11.14,11.35,5.502,61.134,,,0.9504,Medium
GSP1-WT-GTP,P32835,1,14,GSSAPAANGEVPTF,9.14,2,10,9.33,9.63,5.078,56.426,,,0.8246,Medium,10.18,10.19,4.747,52.744,,,0.8931,Medium,10.23,10.53,4.939,54.876,,,0.9167,Medium,,,,,,,,,10.97,11.21,4.879,54.210,,,0.9058,Medium,11.22,11.44,5.186,57.622,,,0.9443,Medium,11.17,11.38,5.225,58.059,,,0.9457,Medium
GSP1-WT-GTP,P32835,1,16,GSSAPAANGEVPTFKL,9.96,1,12,10.36,10.53,5.900,54.630,,,0.8980,High,10.92,11.13,5.883,54.475,,,0.8917,High,11.27,11.45,6.259,57.954,,,0.9055,High,,,,,,,,,11.96,12.26,6.111,56.579,,,0.9073,High,12.34,12.51,6.352,58.814,,,0.8864,High,12.35,12.48,6.275,58.099,,,0.8893,High
GSP1-WT-GTP,P32835,1,16,GSSAPAANGEVPTFKL,9.96,2,12,10.30,10.60,5.849,54.162,,,0.9227,Medium,10.90,11.25,5.899,54.620,,,0.9292,Medium,11.22,11.23,6.373,59.007,,,0.8411,Medium,,,,,,,,,11.95,12.25,6.032,55.849,,,0.8976,Medium,12.27,12.57,6.326,58.570,,,0.9019,Medium,12.24,12.54,6.245,57.825,,,0.9122,Medium
GSP1-WT-GTP,P32835,1,18,GSSAPAANGEVPTFKLVL,10.48,2,14,11.97,12.34,5.465,43.374,,,0.9613,High,12.58,12.84,5.572,44.222,,,0.9642,High,13.14,13.44,5.896,46.793,,,0.9070,High,,,,,,,,,13.97,14.00,6.097,48.390,,,0.9213,High,,,,,,,,,,,,,,,,
GSP1-WT-GTP,P32835,1,18,GSSAPAANGEVPTFKLVL,10.48,3,14,11.95,12.11,5.203,41.292,,,0.9514,High,12.74,12.91,5.255,41.704,,,0.9080,High,13.15,13.36,5.643,44.788,,,0.9221,High,,,,,,,,,13.98,14.00,6.532,51.842,,,0.6575,Medium,,,,,,,,,,,,,,,,
GSP1-WT-GTP,P32835,15,18,KLVL,7.34,1,2,8.68,8.69,0.038,2.133,,,0.8792,Medium,9.08,9.09,0.044,2.420,,,0.9300,Medium,9.13,9.14,0.028,1.568,,,0.9407,Medium,,,,,,,,,9.68,9.98,0.111,6.159,,,0.9424,High,9.94,10.24,0.078,4.326,,,0.9447,High,9.82,10.12,0.059,3.266,,,0.7331,Medium
GSP1-WT-GTP,P32835,17,29,VLVGDGGTGKTTF,7.92,2,11,8.25,8.38,0.850,8.583,,,0.7863,Medium,8.62,8.74,0.745,7.526,,,0.8253,Medium,8.92,9.02,1.055,10.652,,,0.9046,Medium,,,,,,,,,9.48,9.58,1.532,15.472,,,0.9261,Medium,9.65,9.95,1.534,15.500,,,0.9024,Medium,9.57,9.73,1.353,13.665,,,0.8592,Medium
GSP1-WT-GTP,P32835,17,37,VLVGDGGTGKTTFVKRHLTGE,5.78,3,19,6.49,6.93,2.104,12.306,,,0.9230,Medium,7.08,7.17,2.118,12.383,,,0.9344,Medium,7.30,7.45,2.360,13.801,,,0.9515,Medium,,,,,,,,,7.77,7.97,2.688,15.722,,,0.9172,Medium,8.03,8.18,2.649,15.490,,,0.9404,Medium,7.74,8.04,2.604,15.230,,,0.9327,Medium
GSP1-WT-GTP,P32835,17,37,VLVGDGGTGKTTFVKRHLTGE,5.78,4,19,6.73,6.94,1.954,11.427,,,0.8936,Medium,7.06,7.27,2.025,11.844,,,0.8820,Medium,7.30,7.54,2.280,13.334,,,0.6019,Medium,,,,,,,,,7.75,7.87,2.661,15.561,,,0.9009,Medium,8.01,8.13,2.703,15.808,,,0.7249,Medium,7.78,8.01,2.495,14.591,,,0.8946,Medium
GSP1-WT-GTP,P32835,17,38,VLVGDGGTGKTTFVKRHLTGEF,7.83,2,20,8.16,8.31,2.642,14.680,,,0.9064,High,8.54,8.71,2.669,14.828,,,0.9006,High,8.76,9.05,2.870,15.947,,,0.9247,High,,,,,,,,,9.40,9.52,3.271,18.175,,,0.9433,High,9.69,9.81,3.338,18.546,,,0.9501,High,9.51,9.63,3.204,17.799,,,0.9444,High
GSP1-WT-GTP,P32835,17,38,VLVGDGGTGKTTFVKRHLTGEF,7.83,3,20,8.15,8.31,2.636,14.643,,,0.9568,High,8.48,8.73,2.690,14.944,,,0.9521,High,8.75,9.02,2.909,16.159,,,0.9436,High,,,,,,,,,9.34,9.53,3.258,18.101,,,0.9492,High,9.64,9.84,3.262,18.120,,,0.9560,High,9.48,9.68,3.130,17.389,,,0.9607,High
GSP1-WT-GTP,P32835,17,38,VLVGDGGTGKTTFVKRHLTGEF,7.83,4,20,8.19,8.31,2.621,14.562,,,0.9157,High,8.59,8.85,2.587,14.370,,,0.8971,High,8.82,9.02,2.905,16.138,,,0.9240,High,,,,,,,,,9.41,9.61,3.180,17.668,,,0.9088,High,9.69,9.91,3.250,18.055,,,0.8921,High,9.53,9.70,3.105,17.248,,,0.9284,High
GSP1-WT-GTP,P32835,17,38,VLVGDGGTGKTTFVKRHLTGEF,7.83,5,20,8.09,8.31,2.678,14.876,,,0.9448,Medium,8.54,8.72,2.673,14.848,,,0.9241,Medium,8.79,9.00,2.928,16.268,,,0.8857,Medium,,,,,,,,,9.36,9.57,3.181,17.670,,,0.9204,Medium,,,,,,,,,9.43,9.73,3.106,17.257,,,0.9296,Medium
GSP1-WT-GTP,P32835,19,29,VGDGGTGKTTF,6.46,1,9,6.71,6.82,0.581,7.174,,,0.9360,High,7.08,7.08,0.483,5.965,,,0.8899,High,7.29,7.38,0.425,5.241,,,0.8677,High,,,,,,,,,7.69,7.78,0.760,9.387,,,0.9294,High,7.97,8.05,0.623,7.688,,,0.9071,High,7.71,7.82,0.586,7.231,,,0.9381,High
GSP1-WT-GTP,P32835,19,29,VGDGGTGKTTF,6.46,2,9,6.72,6.93,0.579,7.150,,,0.9498,Medium,7.08,7.17,0.515,6.363,,,0.9265,Medium,7.26,7.35,0.555,6.849,,,0.9606,Medium,,,,,,,,,7.62,7.62,0.869,10.728,,,0.8829,Medium,7.95,8.03,0.693,8.555,,,0.9287,Medium,7.76,7.85,0.613,7.564,,,0.9327,Medium
GSP1-WT-GTP,P32835,19,37,VGDGGTGKTTFVKRHLTGE,5.74,2,17,,,,,,,,,6.44,6.45,1.735,11.342,,,0.9060,Medium,6.45,6.45,2.310,15.096,,,0.8955,Medium,,,,,,,,,6.82,7.07,2.309,15.093,,,0.8754,Medium,7.00,7.30,2.434,15.908,,,0.9184,Medium,6.87,7.10,2.245,14.674,,,0.9439,Medium
GSP1-WT-GTP,P32835,19,37,VGDGGTGKTTFVKRHLTGE,5.74,3,17,6.18,6.19,1.315,8.592,,,0.6006,Medium,6.46,6.47,1.549,10.122,,,0.8247,Medium,6.45,6.46,2.322,15.175,,,0.9555,High,,,,,,,,,6.78,7.08,2.334,15.252,,,0.9464,High,6.97,7.27,2.429,15.878,,,0.9626,High,6.77,7.07,2.344,15.322,,,0.9480,High
GSP1-WT-GTP,P32835,19,37,VGDGGTGKTTFVKRHLTGE,5.74,4,17,5.87,6.19,1.916,12.525,,,0.9623,High,6.29,6.49,1.670,10.917,4.609,30.125,0.8762,High,6.36,6.71,2.137,13.968,,,0.9051,High,,,,,,,,,6.79,7.16,3.165,20.685,,,0.8744,Medium,7.00,7.30,3.068,20.051,,,0.8685,Medium,6.77,7.17,3.078,20.118,,,0.8761,Medium
GSP1-WT-GTP,P32835,19,38,VGDGGTGKTTFVKRHLTGEF,7.28,2,18,7.45,7.81,2.484,15.332,,,0.9399,High,7.83,8.17,2.517,15.537,,,0.9704,High,8.07,8.36,2.662,16.432,,,0.9700,High,,,,,,,,,8.61,8.90,2.847,17.575,,,0.9740,High,8.83,9.13,2.892,17.851,,,0.9744,High,8.69,8.99,2.819,17.403,,,0.9742,High
GSP1-WT-GTP,P32835,19,38,VGDGGTGKTTFVKRHLTGEF,7.28,3,18,7.52,7.83,2.484,15.335,,,0.9738,High,8.09,8.10,2.257,13.931,,,0.9670,High,8.09,8.10,3.073,18.968,,,0.9706,High,,,,,,,,,8.57,8.89,2.868,17.703,,,0.9758,High,8.84,9.19,2.891,17.848,,,0.9754,High,8.62,8.91,2.859,17.647,,,0.9764,High
GSP1-WT-GTP,P32835,19,38,VGDGGTGKTTFVKRHLTGEF,7.28,4,18,7.50,7.82,2.496,15.405,,,0.9581,High,8.10,8.11,2.290,14.134,,,0.9656,High,8.07,8.34,2.676,16.517,,,0.9757,High,,,,,,,,,8.59,8.88,2.868,17.704,,,0.9745,High,8.82,9.17,2.896,17.878,,,0.9741,High,8.65,9.02,2.840,17.533,,,0.9747,High
GSP1-WT-GTP,P32835,30,38,VKRHLTGEF,5.87,2,7,6.08,6.25,2.163,34.330,,,0.7690,Medium,6.41,6.57,1.746,27.711,,,0.8049,Medium,6.56,6.75,1.853,29.420,,,0.7971,Medium,,,,,,,,,7.00,7.13,2.754,43.712,,,0.7084,Medium,7.18,7.38,2.420,38.412,,,0.7531,Medium,6.96,7.15,3.046,48.348,,,0.6708,Medium
GSP1-WT-GTP,P32835,30,45,VKRHLTGEFEKKYIAT,5.18,3,14,6.00,6.31,5.807,46.085,,,0.8728,Medium,6.66,6.66,5.511,43.742,,,0.6271,Medium,6.66,6.66,6.154,48.843,,,0.8444,Medium,,,,,,,,,6.95,7.25,5.633,44.710,,,0.8616,Medium,7.16,7.46,5.874,46.616,,,0.8754,Medium,6.94,7.24,5.729,45.471,,,0.8670,Medium
GSP1-WT-GTP,P32835,30,45,VKRHLTGEFEKKYIAT,5.18,4,14,6.18,6.35,5.615,44.566,,,0.8587,Medium,6.42,6.65,6.100,48.411,,,0.9403,Medium,6.58,6.81,6.039,47.928,,,0.9106,Medium,,,,,,,,,7.01,7.26,5.613,44.551,,,0.9034,Medium,7.20,7.50,5.948,47.209,,,0.9106,Medium,,,,,,,,
GSP1-WT-GTP,P32835,30,47,VKRHLTGEFEKKYIATIG,6.27,3,16,7.33,7.39,8.175,56.772,,,0.9202,High,7.63,7.77,8.329,57.838,,,0.9226,High,7.93,7.98,8.124,56.420,,,0.9057,High,,,,,,,,,8.48,8.53,7.510,52.155,,,0.9014,High,8.65,8.77,7.913,54.949,,,0.9084,High,8.48,8.53,7.738,53.733,,,0.9144,High
GSP1-WT-GTP,P32835,38,45,FEKKYIAT,4.98,2,6,5.86,5.89,3.062,56.700,,,0.8981,Medium,6.18,6.22,3.127,57.913,,,0.8928,Medium,6.29,6.41,2.991,55.387,,,0.9157,Medium,,,,,,,,,6.67,6.86,3.028,56.078,,,0.8922,Medium,6.83,7.12,3.114,57.669,,,0.8600,Medium,6.71,6.85,3.053,56.531,,,0.9045,Medium
GSP1-WT-GTP,P32835,38,55,FEKKYIATIGVEVHPLSF,10.19,2,15,10.64,10.86,7.288,53.988,,,0.9392,Medium,11.20,11.47,7.843,58.093,,,0.9341,Medium,11.54,11.91,8.248,61.098,,,0.7334,Medium,,,,,,,,,12.35,12.55,8.398,62.205,,,0.9409,Medium,12.64,12.90,8.677,64.276,,,0.9387,High,12.69,12.91,8.589,63.619,,,0.9490,Medium
GSP1-WT-GTP,P32835,38,55,FEKKYIATIGVEVHPLSF,10.19,3,15,10.57,10.96,7.239,53.619,,,0.9415,Medium,11.16,11.49,7.755,57.446,,,0.9477,Medium,11.53,11.96,8.233,60.984,,,0.9389,Medium,,,,,,,,,12.29,12.59,8.395,62.185,,,0.9373,Medium,12.63,12.88,8.679,64.290,,,0.9422,Medium,12.65,13.12,8.585,63.593,,,0.9385,High
GSP1-WT-GTP,P32835,39,45,EKKYIAT,4.42,1,5,5.13,5.22,3.031,67.346,,,0.9234,Medium,5.35,5.52,3.075,68.340,,,0.9053,Medium,5.50,5.68,2.837,63.050,,,0.9286,Medium,,,,,,,,,5.87,5.96,2.968,65.965,,,0.8994,Medium,6.07,6.14,2.990,66.445,,,0.9307,Medium,5.86,5.93,2.943,65.395,,,0.8835,Medium
GSP1-WT-GTP,P32835,39,45,EKKYIAT,4.42,2,5,5.19,5.30,2.886,64.134,,,0.9259,High,5.40,5.55,2.910,64.668,,,0.9079,High,5.50,5.69,2.737,60.825,,,0.9053,High,,,,,,,,,5.84,6.01,2.830,62.884,,,0.9137,High,5.94,6.24,2.923,64.953,,,0.9346,High,5.82,6.03,2.864,63.638,,,0.9308,High
GSP1-WT-GTP,P32835,39,47,EKKYIATIG,5.57,2,7,6.55,6.72,4.195,66.584,,,0.9321,Medium,6.86,6.93,4.383,69.564,,,0.9373,Medium,7.04,7.14,4.155,65.955,,,0.9434,Medium,,,,,,,,,7.49,7.60,3.965,62.930,,,0.9137,Medium,7.60,7.90,4.302,68.286,,,0.9171,Medium,7.51,7.70,4.180,66.351,,,0.9311,Medium
GSP1-WT-GTP,P32835,39,49,EKKYIATIGVE,6.44,2,9,8.21,8.32,2.118,26.148,,,0.8625,Medium,8.51,8.72,2.112,26.078,,,0.9083,Medium,8.89,8.99,2.320,28.640,,,0.9549,Medium,,,,,,,,,9.36,9.67,2.820,34.816,,,0.8042,Medium,9.70,10.00,2.696,33.278,,,0.9171,Medium,9.55,9.75,2.900,35.803,,,0.8544,Medium
GSP1-WT-GTP,P32835,39,55,EKKYIATIGVEVHPLSF,9.96,2,14,10.28,10.47,7.062,56.048,,,0.9541,High,11.22,11.23,7.554,59.953,,,0.9230,High,11.22,11.23,8.335,66.149,,,0.8694,Medium,,,,,,,,,11.96,12.18,8.158,64.743,,,0.9462,High,12.26,12.49,8.416,66.793,,,0.9557,High,12.29,12.56,8.335,66.152,,,0.8964,High
GSP1-WT-GTP,P32835,39,55,EKKYIATIGVEVHPLSF,9.96,3,14,10.32,10.48,6.916,54.890,,,0.9145,High,10.92,11.02,7.419,58.879,,,0.9261,High,11.23,11.48,8.021,63.657,,,0.9013,High,,,,,,,,,11.98,12.08,8.068,64.031,,,0.9229,High,12.32,12.49,8.257,65.533,,,0.9357,High,12.26,12.56,8.185,64.964,,,0.9272,High
GSP1-WT-GTP,P32835,39,55,EKKYIATIGVEVHPLSF,9.96,4,14,11.23,11.55,7.185,57.021,,,0.8970,Medium,10.93,11.35,7.460,59.203,,,0.9024,Medium,11.22,11.70,8.050,63.885,,,0.9129,Medium,,,,,,,,,11.99,12.28,8.067,64.024,,,0.8859,Medium,12.34,12.73,8.249,65.468,,,0.8727,Medium,12.25,12.94,8.219,65.234,,,0.9339,Medium
GSP1-WT-GTP,P32835,46,50,IGVEV,7.39,1,3,8.52,8.64,0.148,5.482,,,0.9152,High,8.87,9.17,0.116,4.282,,,0.8867,High,9.19,9.37,0.132,4.886,,,0.9230,High,,,,,,,,,9.78,9.95,0.128,4.736,,,0.9413,High,10.08,10.27,0.147,5.438,,,0.9184,High,9.93,10.07,0.121,4.472,,,0.9159,High
GSP1-WT-GTP,P32835,46,55,IGVEVHPLSF,10.62,1,7,11.04,11.34,2.051,32.555,,,0.9626,High,11.61,11.86,2.288,36.310,,,0.9547,High,12.03,12.32,2.935,46.591,,,0.9629,High,,,,,,,,,12.87,13.14,3.088,49.020,,,0.9371,High,13.19,13.49,3.224,51.176,,,0.9626,High,13.24,13.48,3.222,51.143,,,0.9492,High
GSP1-WT-GTP,P32835,46,55,IGVEVHPLSF,10.62,2,7,11.31,11.32,1.960,31.117,,,0.9639,High,11.86,11.86,2.242,35.590,,,0.9554,High,12.04,12.04,3.024,48.003,,,0.9337,High,,,,,,,,,12.81,13.11,3.095,49.128,,,0.9372,High,13.19,13.49,3.223,51.162,,,0.9491,High,13.19,13.49,3.232,51.295,,,0.9553,High
GSP1-WT-GTP,P32835,48,55,VEVHPLSF,9.91,1,5,10.34,10.50,1.167,25.937,,,0.9153,Medium,10.88,11.09,1.221,27.142,,,0.8956,Medium,11.21,11.41,1.299,28.859,,,0.8909,Medium,,,,,,,,,11.94,12.21,1.410,31.337,,,0.8573,Medium,12.16,12.45,1.438,31.949,,,0.8582,Medium,12.20,12.43,1.447,32.164,,,0.8341,Medium
GSP1-WT-GTP,P32835,48,55,VEVHPLSF,9.91,2,5,10.28,10.53,1.233,27.390,,,0.9047,High,10.85,11.12,1.290,28.675,,,0.9426,High,11.15,11.47,1.300,28.878,,,0.9283,High,,,,,,,,,11.97,12.12,1.439,31.987,,,0.9348,High,12.20,12.50,1.423,31.629,,,0.9389,High,12.16,12.46,1.398,31.075,,,0.8852,High
GSP1-WT-GTP,P32835,49,55,EVHPLSF,9.59,1,4,9.98,10.08,0.601,16.682,,,0.9436,Medium,10.51,10.65,0.656,18.229,,,0.8893,Medium,10.80,10.94,0.677,18.817,,,0.8853,Medium,,,,,,,,,11.49,11.69,0.706,19.600,,,0.9467,Medium,11.81,11.97,0.703,19.535,,,0.9609,Medium,11.75,11.92,0.665,18.476,,,0.8842,Medium
GSP1-WT-GTP,P32835,49,55,EVHPLSF,9.59,2,4,10.00,10.08,0.564,15.663,,,0.8955,High,10.57,10.63,0.668,18.547,,,0.9055,High,10.85,10.90,0.709,19.690,,,0.9261,High,,,,,,,,,11.56,11.68,0.712,19.765,,,0.9399,High,11.80,12.02,0.720,20.003,,,0.9605,High,11.67,11.97,0.689,19.152,,,0.9437,High
GSP1-WT-GTP,P32835,50,55,VHPLSF,8.25,1,3,9.52,9.70,0.716,26.534,,,0.7677,High,10.07,10.28,0.831,30.771,,,0.7384,High,10.28,10.42,0.802,29.722,,,0.7458,High,,,,,,,,,11.04,11.15,0.736,27.259,,,0.8177,High,11.40,11.47,0.755,27.967,,,0.8455,High,11.22,11.40,0.804,29.774,,,0.7711,High
GSP1-WT-GTP,P32835,56,59,YTNF,7.20,1,2,8.63,8.65,1.078,59.905,,,0.9215,Medium,8.89,8.90,1.054,58.566,,,0.9068,Medium,9.06,9.07,0.931,51.706,,,0.8626,Medium,,,,,,,,,9.58,9.88,0.977,54.289,,,0.9679,Medium,9.99,10.23,1.033,57.399,,,0.9227,Medium,9.69,9.99,1.003,55.723,,,0.9478,Medium
GSP1-WT-GTP,P32835,56,64,YTNFGEIKF,11.00,1,7,11.43,11.73,2.150,34.121,,,0.9703,High,12.04,12.46,2.109,33.469,,,0.9732,High,12.53,12.53,2.315,36.753,,,0.9668,High,,,,,,,,,,,,,,,,,,,,,,,,,13.74,14.00,2.700,42.851,,,0.9189,High
GSP1-WT-GTP,P32835,56,64,YTNFGEIKF,11.00,2,7,11.46,11.91,2.155,34.199,,,0.9657,High,12.01,12.49,2.111,33.505,,,0.9658,High,12.49,12.99,2.255,35.795,,,0.9650,High,,,,,,,,,13.36,13.86,2.480,39.360,,,0.9392,High,13.78,14.01,2.705,42.941,,,0.9633,High,13.74,14.00,2.703,42.911,,,0.9618,High
GSP1-WT-GTP,P32835,60,64,GEIKF,8.52,1,3,8.78,9.06,0.145,5.353,,,0.9188,Medium,9.27,9.52,0.142,5.241,,,0.9294,Medium,9.49,9.81,0.329,12.177,,,0.8976,Medium,,,,,,,,,10.12,10.40,0.662,24.523,,,0.8737,Medium,10.41,10.71,0.756,28.009,,,0.9079,Medium,10.27,10.55,0.809,29.975,,,0.8729,Medium
GSP1-WT-GTP,P32835,60,82,GEIKFDVWDTAGQEKFGGLRDGY,10.67,2,21,11.04,11.34,5.932,31.384,,,0.8971,High,11.82,12.02,5.559,29.411,,,0.8453,Medium,12.18,12.38,6.190,32.751,,,0.9328,High,,,,,,,,,12.90,13.20,6.359,33.648,,,0.9305,High,13.30,13.54,6.596,34.898,,,0.9389,High,13.34,13.62,6.258,33.109,,,0.9338,High
GSP1-WT-GTP,P32835,60,82,GEIKFDVWDTAGQEKFGGLRDGY,10.67,3,21,11.16,11.30,5.963,31.551,,,0.9580,High,11.64,11.86,5.996,31.723,,,0.9620,High,12.13,12.35,6.144,32.510,,,0.9631,High,,,,,,,,,12.97,13.26,6.256,33.099,,,0.9549,High,13.34,13.64,6.543,34.621,,,0.9664,High,13.44,13.57,6.194,32.773,,,0.9553,High
GSP1-WT-GTP,P32835,65,82,DVWDTAGQEKFGGLRDGY,9.99,2,16,10.43,10.60,6.742,46.821,,,0.9704,High,11.01,11.20,6.655,46.217,,,0.9679,High,11.39,11.46,6.600,45.832,,,0.9442,High,,,,,,,,,12.14,12.18,6.610,45.901,,,0.9618,High,12.44,12.49,6.978,48.462,,,0.9710,High,12.47,12.50,6.594,45.790,,,0.9690,High
GSP1-WT-GTP,P32835,65,82,DVWDTAGQEKFGGLRDGY,9.99,3,16,10.51,10.53,6.640,46.114,,,0.9685,Medium,11.11,11.15,6.488,45.055,,,0.9556,Medium,11.42,11.47,6.458,44.846,,,0.9490,Medium,,,,,,,,,12.16,12.24,6.387,44.358,,,0.9631,Medium,12.51,12.52,6.701,46.533,,,0.9573,Medium,12.44,12.55,6.561,45.559,,,0.9743,Medium
GSP1-WT-GTP,P32835,65,83,DVWDTAGQEKFGGLRDGYY,10.49,2,17,,,,,,,,,,,,,,,,,,,,,,,,,,,,,,,,,,,,,,,,,,,,,,,,,,,,,,,,
GSP1-WT-GTP,P32835,65,83,DVWDTAGQEKFGGLRDGYY,10.49,3,17,10.90,11.20,7.153,46.754,,,0.9090,High,11.50,11.75,7.090,46.339,,,0.9500,High,11.86,12.17,6.977,45.600,,,0.9250,High,,,,,,,,,12.65,12.95,6.869,44.896,,,0.9329,High,12.99,13.29,7.168,46.850,,,0.9191,High,13.00,13.30,6.867,44.886,,,0.9509,High
GSP1-WT-GTP,P32835,65,86,DVWDTAGQEKFGGLRDGYYINA,10.61,2,20,11.74,11.75,9.656,53.647,,,0.8208,Medium,11.62,11.81,10.143,56.350,,,0.9722,High,12.06,12.34,10.714,59.522,,,0.9635,High,,,,,,,,,12.89,13.09,10.313,57.296,,,0.9679,High,13.19,13.49,10.972,60.956,,,0.9615,High,13.22,13.55,10.747,59.704,,,0.9751,High
GSP1-WT-GTP,P32835,65,86,DVWDTAGQEKFGGLRDGYYINA,10.61,3,20,11.45,11.46,10.093,56.075,,,0.9198,High,11.74,11.75,10.054,55.856,,,0.9647,High,12.04,12.35,10.749,59.719,,,0.9643,High,,,,,,,,,12.81,13.11,10.338,57.434,,,0.9653,High,13.19,13.49,10.944,60.800,,,0.9689,High,13.21,13.50,10.730,59.610,,,0.9730,High
GSP1-WT-GTP,P32835,65,87,DVWDTAGQEKFGGLRDGYYINAQ,10.32,2,21,11.00,11.09,9.742,51.544,,,0.7312,Medium,11.47,11.48,10.482,55.460,,,0.8681,Medium,11.69,11.93,11.367,60.145,,,0.9289,Medium,,,,,,,,,,,,,,,,,,,,,,,,,12.70,13.00,11.704,61.923,,,0.9420,Medium
GSP1-WT-GTP,P32835,65,87,DVWDTAGQEKFGGLRDGYYINAQ,10.32,3,21,10.69,10.99,10.870,57.514,,,0.9097,High,11.31,11.54,10.669,56.448,,,0.9474,High,11.65,11.95,11.398,60.308,,,0.9243,High,,,,,,,,,12.40,12.70,11.263,59.591,,,0.9355,High,12.75,13.00,12.192,64.507,,,0.9191,High,12.71,13.01,12.147,64.269,,,0.9165,High
GSP1-WT-GTP,P32835,65,88,DVWDTAGQEKFGGLRDGYYINAQC,10.68,2,22,11.15,11.41,9.351,47.229,,,0.8608,Medium,11.61,11.91,10.096,50.991,,,0.8216,Medium,12.15,12.36,11.184,56.484,,,0.8971,Medium,,,,,,,,,12.90,13.20,10.593,53.499,,,0.8483,Medium,13.37,13.67,10.553,53.300,,,0.8856,Medium,13.30,13.49,10.974,55.426,,,0.9212,Medium
GSP1-WT-GTP,P32835,65,88,DVWDTAGQEKFGGLRDGYYINAQC,10.68,3,22,11.82,11.92,10.216,51.595,,,0.9209,Medium,11.87,11.87,10.266,51.850,,,0.9434,High,,,,,,,,,,,,,,,,,,,,,,,,,13.27,13.45,11.719,59.189,,,0.9400,High,13.31,13.62,11.489,58.026,,,0.9647,High
GSP1-WT-GTP,P32835,65,89,DVWDTAGQEKFGGLRDGYYINAQCA,10.68,3,23,11.91,12.22,10.276,49.642,,,0.9350,Medium,12.59,12.74,10.530,50.871,,,0.9594,Medium,12.96,13.38,11.197,54.092,,,0.9244,Medium,,,,,,,,,13.70,14.00,11.963,57.794,,,0.8344,Medium,13.97,14.01,11.696,56.505,,,0.9186,Medium,14.00,14.00,11.893,57.456,,,0.8501,Medium
GSP1-WT-GTP,P32835,68,86,DTAGQEKFGGLRDGYYINA,8.19,3,17,9.49,9.57,8.882,58.054,,,0.9406,Medium,10.07,10.19,9.029,59.014,,,0.8438,Medium,10.37,10.43,8.876,58.010,,,0.9409,Medium,,,,,,,,,10.96,11.13,8.590,56.141,,,0.9108,Medium,11.31,11.48,8.948,58.486,,,0.9460,Medium,11.14,11.37,8.912,58.251,,,0.9115,Medium
GSP1-WT-GTP,P32835,68,88,DTAGQEKFGGLRDGYYINAQC,8.27,3,19,9.51,9.73,8.577,50.161,,,0.8420,Medium,10.16,10.31,8.535,49.910,,,0.7792,Medium,10.41,10.59,8.944,52.303,,,0.8163,Medium,,,,,,,,,11.12,11.33,8.929,52.219,,,0.8448,Medium,11.38,11.61,9.269,54.202,,,0.8549,Medium,11.31,11.53,8.988,52.562,,,0.8673,Medium
GSP1-WT-GTP,P32835,68,89,DTAGQEKFGGLRDGYYINAQCA,9.20,2,20,9.55,9.80,10.485,58.252,,,0.8517,Medium,10.10,10.28,11.002,61.121,,,0.8198,Medium,10.38,10.58,10.838,60.214,,,0.8344,Medium,,,,,,,,,11.07,11.25,10.449,58.052,,,0.8820,Medium,11.36,11.63,10.936,60.754,,,0.8557,Medium,11.38,11.59,10.848,60.267,,,0.8619,Medium
GSP1-WT-GTP,P32835,68,89,DTAGQEKFGGLRDGYYINAQCA,9.20,3,20,,,,,,,,,9.93,10.04,18.140,100.779,,,0.8269,Medium,,,,,,,,,,,,,,,,,10.67,10.94,19.802,110.011,,,0.9255,Medium,,,,,,,,,10.90,11.21,19.832,110.179,,,0.9174,Medium
GSP1-WT-GTP,P32835,83,86,YINA,5.37,1,2,6.27,6.30,0.565,31.406,,,0.9145,Medium,6.65,6.66,0.587,32.586,,,0.9325,Medium,6.79,6.88,0.736,40.896,,,0.9395,Medium,,,,,,,,,7.14,7.26,0.960,53.343,,,0.8308,Medium,7.38,7.51,1.035,57.516,,,0.8902,Medium,7.17,7.34,1.076,59.794,,,0.9295,Medium
GSP1-WT-GTP,P32835,83,89,YINAQCA,6.55,1,5,6.82,7.03,0.990,21.999,,,0.9200,High,7.24,7.38,0.894,19.866,,,0.8701,Medium,7.42,7.58,1.164,25.863,,,0.9244,High,,,,,,,,,7.81,8.01,1.569,34.877,,,0.8901,High,8.04,8.23,1.611,35.804,,,0.8999,High,7.86,8.01,1.634,36.319,,,0.9049,High
GSP1-WT-GTP,P32835,84,89,INAQCA,4.86,1,4,,,,,,,,,4.86,5.06,0.230,6.391,,,0.8900,Medium,5.03,5.18,0.252,6.987,,,0.8330,Medium,,,,,,,,,5.27,5.42,0.234,6.502,,,0.8466,Medium,5.47,5.60,0.251,6.972,,,0.8937,Medium,6.39,6.69,1.796,49.893,,,0.5533,Medium
GSP1-WT-GTP,P32835,89,92,AIIM,8.06,1,2,9.32,9.48,0.055,3.059,,,0.9223,High,9.78,9.93,0.047,2.618,,,0.9223,High,10.01,10.19,0.054,3.027,,,0.8637,Medium,,,,,,,,,10.59,10.89,0.113,6.252,,,0.9039,High,10.89,11.19,0.059,3.283,,,0.9195,High,10.78,11.08,0.048,2.664,,,0.9222,High
GSP1-WT-GTP,P32835,89,93,AIIMF,11.46,1,3,,,,,,,,,,,,,,,,,,,,,,,,,,,,,,,,,,,,,,,,,,,,,,,,,,,,,,,,
GSP1-WT-GTP,P32835,93,114,FDVTSRITYKNVPNWHRDLVRV,8.88,3,19,9.25,9.41,2.272,13.289,,,0.9707,High,9.93,9.94,2.430,14.209,,,0.9630,High,10.00,10.00,4.989,29.174,,,0.8918,High,,,,,,,,,10.66,10.67,5.946,34.769,,,0.9151,High,,,,,,,,,,,,,,,,
GSP1-WT-GTP,P32835,93,114,FDVTSRITYKNVPNWHRDLVRV,8.88,4,19,9.64,9.64,2.113,12.357,3.704,21.663,0.8660,High,9.93,9.94,2.479,14.496,,,0.9432,High,9.99,9.99,5.216,30.500,,,0.8995,Medium,,,,,,,,,10.65,10.66,6.085,35.585,,,0.9210,High,10.90,11.20,5.826,34.072,,,0.9672,High,,,,,,,,
GSP1-WT-GTP,P32835,93,114,FDVTSRITYKNVPNWHRDLVRV,8.88,5,19,,,,,,,,,9.93,9.94,2.327,13.609,,,0.9008,High,9.99,10.28,4.274,24.994,,,0.8821,High,,,,,,,,,,,,,,,,,,,,,,,,,,,,,,,,
GSP1-WT-GTP,P32835,93,114,FDVTSRITYKNVPNWHRDLVRV,8.88,6,19,9.34,9.35,2.816,16.468,,,0.8814,High,9.94,9.94,2.646,15.476,,,0.9169,High,10.03,10.05,5.113,29.898,,,0.9376,High,,,,,,,,,,,,,,,,,10.86,11.17,6.001,35.096,,,0.9552,High,,,,,,,,
GSP1-WT-GTP,P32835,93,114,FDVTSRITYKNVPNWHRDLVRV,11.61,3,19,,,,,,,,,,,,,,,,,,,,,,,,,,,,,,,,,11.00,11.01,5.644,33.005,,,0.8872,Medium,11.10,11.11,5.910,34.563,,,0.9616,Medium,11.11,11.12,5.921,34.626,,,0.9523,Medium
GSP1-WT-GTP,P32835,93,114,FDVTSRITYKNVPNWHRDLVRV,11.61,4,19,,,,,,,,,,,,,,,,,,,,,,,,,,,,,,,,,11.12,11.12,5.819,34.027,,,0.8942,High,11.12,11.13,5.774,33.767,,,0.9634,High,11.12,11.13,5.293,30.955,8.665,50.673,0.9253,High
GSP1-WT-GTP,P32835,93,114,FDVTSRITYKNVPNWHRDLVRV,11.61,6,19,11.34,11.83,2.238,13.086,,,0.7255,Medium,10.91,11.31,3.078,18.000,,,0.7610,Medium,10.00,10.30,4.702,27.495,,,0.9429,Medium,,,,,,,,,10.91,11.31,5.539,32.389,,,0.8847,Medium,11.12,11.12,5.533,32.356,,,0.8780,Medium,11.11,11.12,5.620,32.864,7.190,42.047,0.8664,Medium
GSP1-WT-GTP,P32835,94,114,DVTSRITYKNVPNWHRDLVRV,8.33,2,18,8.72,8.83,2.935,18.114,,,0.8035,Medium,9.34,9.34,1.957,12.078,,,0.7014,Medium,9.47,9.63,5.342,32.974,,,0.7824,Medium,,,,,,,,,10.00,10.13,6.393,39.463,,,0.7819,Medium,10.33,10.46,5.897,36.402,,,0.8234,Medium,10.12,10.32,6.862,42.356,,,0.7564,Medium
GSP1-WT-GTP,P32835,94,114,DVTSRITYKNVPNWHRDLVRV,8.33,3,18,8.73,8.87,2.808,17.335,,,0.8194,Medium,9.22,9.37,2.439,15.058,,,0.8356,Medium,9.45,9.62,4.899,30.242,,,0.8359,Medium,,,,,,,,,10.01,10.17,5.824,35.953,,,0.7895,Medium,10.34,10.51,5.772,35.631,,,0.8022,Medium,10.20,10.34,6.154,37.989,,,0.7722,Medium
GSP1-WT-GTP,P32835,94,114,DVTSRITYKNVPNWHRDLVRV,8.33,4,18,8.69,8.91,3.176,19.605,,,0.8083,Medium,9.22,9.42,3.213,19.834,,,0.7349,Medium,9.47,9.61,4.716,29.110,,,0.8268,Medium,,,,,,,,,10.03,10.24,5.937,36.647,,,0.7993,Medium,10.23,10.53,6.239,38.511,,,0.8303,Medium,,,,,,,,
GSP1-WT-GTP,P32835,94,114,DVTSRITYKNVPNWHRDLVRV,8.33,5,18,8.89,8.97,1.654,10.210,,,0.9431,Medium,9.29,9.43,1.881,11.613,,,0.9607,Medium,9.49,9.60,3.879,23.947,,,0.9440,Medium,,,,,,,,,10.06,10.22,4.867,30.045,,,0.9664,Medium,10.36,10.53,5.059,31.228,,,0.9758,Medium,10.25,10.39,5.446,33.619,,,0.9401,Medium
GSP1-WT-GTP,P32835,94,114,DVTSRITYKNVPNWHRDLVRV,8.33,6,18,8.77,9.00,4.292,26.492,,,0.7235,Medium,9.29,9.46,3.136,19.357,,,0.7658,Medium,9.48,9.65,4.309,26.596,,,0.9083,Medium,,,,,,,,,10.14,10.30,5.355,33.053,,,0.7117,Medium,10.39,10.57,5.328,32.887,,,0.8736,Medium,10.32,10.52,7.235,44.659,,,0.5643,Medium
GSP1-WT-GTP,P32835,98,122,RITYKNVPNWHRDLVRVCENIPIVL,10.38,4,21,,,,,,,,,12.66,12.66,3.450,18.253,,,0.8193,Medium,,,,,,,,,,,,,,,,,13.45,13.75,10.985,58.121,,,0.7140,Medium,,,,,,,,,,,,,,,,
GSP1-WT-GTP,P32835,98,122,RITYKNVPNWHRDLVRVCENIPIVL,10.38,5,21,,,,,,,,,12.55,12.80,3.599,19.042,,,0.8562,Medium,12.94,13.24,6.002,31.758,,,0.8499,Medium,,,,,,,,,13.85,14.00,6.841,36.197,9.546,50.506,0.7654,Medium,,,,,,,,,,,,,,,,
GSP1-WT-GTP,P32835,112,122,VRVCENIPIVL,10.98,2,8,,,,,,,,,12.23,12.24,2.894,40.194,,,0.7497,Medium,12.44,12.74,3.971,55.155,,,0.8835,Medium,,,,,,,,,13.30,13.53,4.142,57.535,,,0.9318,High,13.75,13.97,4.276,59.388,,,0.9303,High,,,,,,,,
GSP1-WT-GTP,P32835,115,122,CENIPIVL,11.30,2,5,11.70,12.00,1.190,26.441,,,0.9088,High,12.48,12.72,1.221,27.130,,,0.8513,Medium,12.89,13.11,1.414,31.414,,,0.9179,High,,,,,,,,,,,,,,,,,,,,,,,,,,,,,,,,
GSP1-WT-GTP,P32835,117,122,NIPIVL,10.19,1,3,11.66,11.79,0.092,3.403,,,0.8695,Medium,12.20,12.55,0.101,3.727,,,0.8464,Medium,12.72,12.77,0.520,19.264,,,0.9324,Medium,,,,,,,,,13.62,13.73,0.733,27.158,,,0.9236,Medium,13.97,14.01,0.899,33.309,,,0.8578,Medium,13.97,14.00,0.818,30.294,,,0.9025,Medium
GSP1-WT-GTP,P32835,118,122,IPIVL,10.90,1,3,11.64,11.65,0.027,1.012,,,0.7611,Medium,12.12,12.13,-0.097,-3.589,,,0.8912,Medium,12.35,12.35,0.553,20.473,,,0.9404,Medium,,,,,,,,,13.11,13.41,0.653,24.178,,,0.9037,Medium,13.53,13.83,0.646,23.919,,,0.9587,Medium,,,,,,,,
GSP1-WT-GTP,P32835,123,138,CGNKVDVKERKVKAKT,4.30,3,14,4.34,4.65,4.131,32.782,,,0.9267,High,4.72,4.73,4.225,33.530,,,0.9272,High,4.73,4.74,2.716,21.556,5.588,44.348,0.8841,Medium,,,,,,,,,,,,,,,,,5.12,5.13,5.447,43.229,,,0.8160,Medium,,,,,,,,
GSP1-WT-GTP,P32835,123,138,CGNKVDVKERKVKAKT,4.30,4,14,4.39,4.59,3.932,31.209,,,0.9326,Medium,4.73,4.73,3.671,29.136,6.145,48.771,0.9002,Medium,4.73,4.75,4.928,39.113,,,0.9096,Medium,,,,,,,,,5.01,5.01,5.179,41.104,,,0.8404,Medium,,,,,,,,,4.92,5.22,4.761,37.790,,,0.9385,Medium
GSP1-WT-GTP,P32835,123,141,CGNKVDVKERKVKAKTITF,5.61,2,17,,,,,,,,,6.22,6.23,5.908,38.617,,,0.8554,Medium,5.99,6.29,7.167,46.840,,,0.6946,Medium,,,,,,,,,,,,,,,,,,,,,,,,,,,,,,,,
GSP1-WT-GTP,P32835,123,141,CGNKVDVKERKVKAKTITF,5.61,3,17,5.74,6.00,5.187,33.902,,,0.9492,Medium,6.23,6.25,5.199,33.983,,,0.9077,Medium,6.21,6.51,5.743,37.537,,,0.9189,Medium,,,,,,,,,6.66,6.94,6.024,39.376,,,0.8499,Medium,6.86,7.09,6.050,39.540,,,0.9406,Medium,6.68,6.90,6.073,39.694,,,0.9409,Medium
GSP1-WT-GTP,P32835,123,141,CGNKVDVKERKVKAKTITF,5.61,4,17,5.80,5.99,5.782,37.790,,,0.8880,Medium,6.24,6.24,5.941,38.830,,,0.9047,High,6.29,6.44,6.231,40.728,,,0.9028,Medium,,,,,,,,,6.67,6.83,6.937,45.337,,,0.8808,Medium,6.84,7.02,6.791,44.384,,,0.8860,Medium,,,,,,,,
GSP1-WT-GTP,P32835,123,141,CGNKVDVKERKVKAKTITF,5.61,5,17,,,,,,,,,6.24,6.24,5.092,33.280,,,0.8360,Medium,,,,,,,,,,,,,,,,,,,,,,,,,,,,,,,,,,,,,,,,
GSP1-WT-GTP,P32835,150,154,YDISA,6.42,1,3,7.48,7.70,0.124,4.597,,,0.8767,Medium,7.89,8.06,-0.019,-0.686,,,0.9022,Medium,8.08,8.28,0.022,0.822,,,0.8921,Medium,,,,,,,,,8.68,8.76,-0.004,-0.165,,,0.9230,Medium,8.86,9.07,0.026,0.954,,,0.9155,Medium,8.73,8.83,-0.075,-2.777,,,0.9353,Medium
GSP1-WT-GTP,P32835,150,158,YDISAKSNY,6.98,2,7,5.57,5.87,4.901,77.789,,,0.7824,Medium,7.76,7.77,0.889,14.104,,,0.8689,Medium,7.84,7.96,1.907,30.274,,,0.8332,Medium,,,,,,,,,8.30,8.51,2.071,32.879,,,0.8971,Medium,8.56,8.70,2.162,34.312,,,0.8595,Medium,8.34,8.50,2.121,33.664,,,0.8899,Medium
GSP1-WT-GTP,P32835,150,165,YDISAKSNYNFEKPFL,10.62,2,13,11.17,11.25,2.503,21.392,,,0.9429,High,11.66,11.84,2.910,24.871,,,0.8511,High,12.05,12.22,4.051,34.624,,,0.8562,High,,,,,,,,,12.88,13.03,4.329,36.999,,,0.8609,High,13.19,13.49,4.534,38.756,,,0.8700,High,13.21,13.50,4.533,38.746,,,0.8631,High
GSP1-WT-GTP,P32835,150,165,YDISAKSNYNFEKPFL,10.62,3,13,,,,,,,,,11.75,11.81,2.844,24.304,,,0.8212,Medium,12.13,12.23,3.540,30.256,,,0.8693,Medium,,,,,,,,,12.98,13.09,4.126,35.261,,,0.8316,Medium,13.33,13.49,4.203,35.922,,,0.8436,Medium,13.31,13.47,4.225,36.114,,,0.8329,Medium
GSP1-WT-GTP,P32835,154,165,AKSNYNFEKPFL,9.89,3,9,10.22,10.53,1.554,19.185,,,0.9009,Medium,10.78,11.04,1.710,21.105,,,0.9229,Medium,11.12,11.35,2.597,32.061,,,0.9512,Medium,,,,,,,,,11.96,11.99,3.021,37.294,,,0.9376,Medium,11.17,12.56,3.275,40.428,,,0.9032,Medium,12.10,12.40,3.242,40.025,,,0.8425,Medium
GSP1-WT-GTP,P32835,155,165,KSNYNFEKPFL,9.86,1,8,10.23,10.39,1.413,19.624,,,0.9566,High,10.86,11.00,1.548,21.500,,,0.8909,High,11.13,11.14,2.282,31.698,,,0.8418,Medium,,,,,,,,,11.83,12.13,2.718,37.753,,,0.9284,High,12.14,12.43,2.846,39.530,,,0.9217,High,12.11,12.40,2.278,31.642,3.892,54.053,0.9453,High
GSP1-WT-GTP,P32835,155,165,KSNYNFEKPFL,9.86,2,8,10.17,10.47,1.445,20.072,,,0.9702,High,10.99,11.00,1.504,20.885,,,0.9709,High,11.17,11.34,2.225,30.906,,,0.9749,High,,,,,,,,,11.89,12.12,2.687,37.320,,,0.9432,High,12.10,12.40,2.857,39.676,,,0.9466,High,12.10,12.40,2.876,39.950,,,0.9656,High
GSP1-WT-GTP,P32835,155,179,KSNYNFEKPFLWLARKLAGNPQLEF,12.82,4,21,13.37,13.67,6.103,32.293,,,0.8204,Medium,12.80,13.04,5.916,31.302,,,0.6681,Medium,,,,,,,,,,,,,,,,,,,,,,,,,,,,,,,,,,,,,,,,
GSP1-WT-GTP,P32835,159,165,NFEKPFL,10.19,1,4,10.65,10.78,1.065,29.579,,,0.9363,High,11.21,11.35,1.096,30.435,,,0.9680,High,11.56,11.74,1.231,34.190,,,0.9705,High,,,,,,,,,,,,,,,,,,,,,,,,,,,,,,,,
GSP1-WT-GTP,P32835,159,165,NFEKPFL,10.19,2,4,10.58,10.92,0.942,26.168,,,0.9597,High,11.15,11.55,0.979,27.202,,,0.9609,High,11.49,11.88,1.140,31.674,,,0.9683,High,,,,,,,,,12.37,12.46,1.403,38.979,,,0.9519,High,12.68,12.85,1.481,41.147,,,0.9687,High,12.64,12.79,1.504,41.791,,,0.7226,Medium
GSP1-WT-GTP,P32835,160,167,FEKPFLWL,13.57,1,5,,,,,,,,,11.85,11.87,0.039,0.865,,,0.9180,Medium,12.25,12.46,0.059,1.303,,,0.8672,Medium,,,,,,,,,,,,,,,,,,,,,,,,,,,,,,,,
GSP1-WT-GTP,P32835,161,167,EKPFLWL,11.91,2,4,,,,,,,,,,,,,,,,,,,,,,,,,,,,,,,,,,,,,,,,,,,,,,,,,9.93,10.23,3.859,107.200,,,0.8589,Medium
GSP1-WT-GTP,P32835,166,177,WLARKLAGNPQL,8.26,2,9,8.47,8.77,2.035,25.124,,,0.9661,High,9.10,9.11,2.087,25.760,,,0.9639,High,9.21,9.22,2.946,36.370,,,0.9366,High,,,,,,,,,9.81,9.82,3.300,40.741,,,0.9465,High,10.09,10.39,3.235,39.932,,,0.9678,High,9.87,10.17,3.270,40.370,,,0.9717,High
GSP1-WT-GTP,P32835,166,177,WLARKLAGNPQL,8.26,3,9,8.82,8.84,1.940,23.953,,,0.9351,Medium,9.10,9.11,2.030,25.061,,,0.9604,High,9.36,9.37,2.743,33.868,,,0.9708,High,,,,,,,,,9.82,9.82,3.332,41.134,,,0.8848,Medium,10.12,10.13,3.417,42.185,,,0.8807,Medium,9.94,9.94,3.572,44.098,,,0.9104,High
GSP1-WT-GTP,P32835,166,178,WLARKLAGNPQLE,7.82,2,10,8.09,8.33,2.251,25.007,,,0.8944,High,8.49,8.65,2.349,26.102,,,0.9636,High,8.71,8.96,3.209,35.658,,,0.9466,High,,,,,,,,,9.35,9.35,3.579,39.762,,,0.9442,High,9.58,9.84,3.688,40.972,,,0.9263,High,9.36,9.65,3.657,40.630,,,0.9691,High
GSP1-WT-GTP,P32835,166,178,WLARKLAGNPQLE,7.82,3,10,8.11,8.34,2.216,24.624,,,0.9663,Medium,8.43,8.65,2.440,27.113,,,0.9542,Medium,8.70,8.98,3.195,35.494,,,0.9629,Medium,,,,,,,,,9.27,9.57,3.435,38.167,,,0.9645,Medium,9.55,9.85,3.635,40.386,,,0.9238,Medium,9.35,9.65,3.643,40.477,,,0.9244,Medium
GSP1-WT-GTP,P32835,166,179,WLARKLAGNPQLEF,9.96,2,11,10.66,10.69,2.927,29.568,,,0.9662,High,11.17,11.18,3.204,32.360,,,0.9702,High,11.23,11.24,4.331,43.745,,,0.9301,Medium,,,,,,,,,11.95,12.25,4.245,42.879,,,0.9765,High,12.28,12.58,4.504,45.499,,,0.9749,High,12.28,12.58,4.519,45.643,,,0.9738,High
GSP1-WT-GTP,P32835,166,179,WLARKLAGNPQLEF,9.96,3,11,10.29,10.60,2.974,30.043,,,0.9583,High,11.17,11.18,3.181,32.134,,,0.9670,High,11.23,11.24,4.342,43.854,,,0.9634,High,,,,,,,,,11.98,12.27,4.240,42.832,,,0.9756,High,12.28,12.58,4.500,45.453,,,0.9468,High,12.28,12.58,4.520,45.661,,,0.9507,High
GSP1-WT-GTP,P32835,168,177,ARKLAGNPQL,5.87,1,7,6.00,6.30,1.917,30.430,,,0.8995,Medium,6.53,6.53,1.952,30.990,,,0.8334,Medium,6.52,6.53,2.480,39.365,,,0.8000,Medium,,,,,,,,,7.00,7.30,2.791,44.309,,,0.8917,Medium,7.11,7.41,3.023,47.992,,,0.9095,Medium,6.92,7.22,3.017,47.886,,,0.8958,Medium
GSP1-WT-GTP,P32835,168,177,ARKLAGNPQL,5.87,2,7,6.28,6.30,1.732,27.490,,,0.9225,Medium,6.54,6.55,1.915,30.399,,,0.9573,High,6.52,6.53,2.734,43.400,,,0.9569,Medium,,,,,,,,,6.89,7.19,2.761,43.818,,,0.9728,High,7.14,7.15,3.168,50.293,,,0.9280,Medium,6.94,6.96,3.134,49.742,,,0.9427,Medium
GSP1-WT-GTP,P32835,168,178,ARKLAGNPQLE,5.44,2,8,5.64,5.77,2.114,29.363,,,0.9680,High,5.99,6.01,2.303,31.984,,,0.9310,High,6.10,6.26,3.110,43.198,,,0.9719,High,,,,,,,,,6.49,6.63,3.244,45.062,,,0.9539,High,6.64,6.65,3.771,52.378,,,0.8656,Medium,6.48,6.65,3.434,47.693,,,0.9679,High
GSP1-WT-GTP,P32835,168,179,ARKLAGNPQLEF,8.48,2,9,9.08,9.09,2.636,32.538,,,0.9614,High,9.44,9.45,2.856,35.258,,,0.9513,High,9.46,9.46,3.855,47.593,,,0.9561,High,,,,,,,,,10.06,10.07,3.903,48.186,,,0.9624,High,10.36,10.36,4.159,51.340,,,0.9679,High,10.19,10.20,4.142,51.133,,,0.9574,High
GSP1-WT-GTP,P32835,168,179,ARKLAGNPQLEF,8.48,3,9,8.72,9.02,2.763,34.115,,,0.9464,High,9.44,9.45,2.724,33.633,,,0.9661,High,,,,,,,,,,,,,,,,,10.06,10.36,3.783,46.703,,,0.9659,High,10.36,10.66,4.057,50.090,,,0.9361,High,10.20,10.50,3.990,49.263,,,0.9588,High
GSP1-WT-GTP,P32835,178,196,EFVASPALAPPEVQVDEQL,10.84,2,14,11.17,11.53,9.156,72.664,,,0.9670,High,11.74,12.06,9.328,74.034,,,0.9672,High,12.17,12.58,9.332,74.060,,,0.9695,High,,,,,,,,,12.07,12.08,2.577,20.456,4.370,34.682,0.8688,Medium,12.13,12.39,3.948,31.330,,,0.8347,Medium,12.39,12.40,2.633,20.899,4.431,35.168,0.7003,Medium
GSP1-WT-GTP,P32835,178,196,EFVASPALAPPEVQVDEQL,10.84,3,14,11.33,11.34,8.218,65.219,,,0.8715,Medium,,,,,,,,,,,,,,,,,,,,,,,,,,,,,,,,,,,,,,,,,,,,,,,,
GSP1-WT-GTP,P32835,180,191,VASPALAPPEVQ,7.67,1,7,,,,,,,,,,,,,,,,,,,,,,,,,,,,,,,,,9.07,9.37,4.276,67.874,,,0.9454,High,,,,,,,,,9.13,9.43,4.563,72.432,,,0.9429,High
GSP1-WT-GTP,P32835,180,191,VASPALAPPEVQ,7.67,2,7,8.75,8.76,2.206,35.011,,,0.7294,Medium,8.40,8.41,2.703,42.910,4.640,73.657,0.8994,Medium,8.61,8.62,2.748,43.622,4.806,76.280,0.8964,Medium,,,,,,,,,10.06,10.36,3.639,57.763,5.419,86.010,0.6774,Medium,10.39,10.69,4.338,68.854,,,0.6532,Medium,10.20,10.50,4.121,65.411,,,0.7112,Medium
GSP1-WT-GTP,P32835,180,192,VASPALAPPEVQV,9.07,1,8,,,,,,,,,10.08,10.08,5.251,72.931,,,0.8741,Medium,10.14,10.15,5.674,78.805,,,0.7552,Medium,,,,,,,,,,,,,,,,,11.09,11.39,5.480,76.115,,,0.9463,Medium,10.99,11.29,5.456,75.772,,,0.9187,Medium
GSP1-WT-GTP,P32835,180,192,VASPALAPPEVQV,9.07,2,8,9.30,9.60,5.278,73.309,,,0.9387,Medium,10.09,10.09,5.054,70.200,,,0.9191,Medium,10.14,10.15,5.500,76.387,,,0.7939,Medium,,,,,,,,,10.81,11.11,4.917,68.290,,,0.8462,Medium,11.09,11.39,5.193,72.121,,,0.9442,Medium,11.03,11.33,5.212,72.384,,,0.9523,Medium
GSP1-WT-GTP,P32835,180,194,VASPALAPPEVQVDE,8.48,2,10,7.12,7.42,5.105,56.721,,,0.8761,Medium,9.43,9.44,5.901,65.562,,,0.7911,Medium,7.68,7.98,5.175,57.497,,,0.8470,Medium,,,,,,,,,9.43,9.44,9.012,100.128,,,0.7220,Medium,8.40,8.70,5.142,57.134,,,0.8254,Medium,8.16,8.46,5.091,56.565,,,0.8799,Medium
GSP1-WT-GTP,P32835,180,196,VASPALAPPEVQVDEQL,9.89,1,12,10.25,10.48,8.195,75.878,,,0.9544,High,10.77,11.09,8.254,76.422,,,0.9264,High,11.10,11.10,8.279,76.654,,,0.8594,High,,,,,,,,,11.87,12.19,7.766,71.910,,,0.8455,Medium,12.13,12.43,8.151,75.475,,,0.9474,High,,,,,,,,
GSP1-WT-GTP,P32835,180,196,VASPALAPPEVQVDEQL,9.89,2,12,10.51,10.52,7.649,70.828,,,0.9479,High,10.91,10.92,7.983,73.915,,,0.9703,High,11.07,11.07,8.083,74.845,,,0.9363,Medium,,,,,,,,,11.83,12.17,7.465,69.124,,,0.9737,High,11.96,12.45,7.852,72.700,,,0.9737,High,12.16,12.46,7.805,72.270,,,0.9735,High
GSP1-WT-GTP,P32835,183,196,PALAPPEVQVDEQL,9.87,2,10,10.62,10.77,5.476,60.846,,,0.7195,Medium,11.20,11.32,5.372,59.686,,,0.7645,Medium,11.36,11.61,5.095,56.606,,,0.7154,Medium,,,,,,,,,12.12,12.26,4.503,50.029,,,0.7880,Medium,12.54,12.80,5.478,60.867,,,0.7795,Medium,12.63,12.71,4.810,53.442,,,0.9020,Medium
GSP1-WT-GTP,P32835,192,196,VDEQL,7.01,1,3,7.30,7.37,1.450,53.700,,,0.8488,Medium,7.69,7.76,1.527,56.545,,,0.8749,Medium,7.93,7.97,1.502,55.627,,,0.9113,Medium,,,,,,,,,8.35,8.43,1.417,52.499,,,0.8358,Medium,8.60,8.72,1.489,55.142,,,0.8855,Medium,8.42,8.50,1.423,52.691,,,0.8431,Medium
GSP1-WT-GTP,P32835,197,206,MQQYQQEMEQ,6.98,1,8,7.31,7.41,5.575,77.434,,,0.8844,Medium,7.59,7.71,5.744,79.778,,,0.8938,High,7.84,7.97,5.568,77.327,,,0.9026,Medium,,,,,,,,,8.30,8.42,5.481,76.120,,,0.8971,High,8.54,8.60,5.735,79.654,,,0.8961,High,8.33,8.44,5.661,78.624,,,0.8737,Medium
GSP1-WT-GTP,P32835,197,206,MQQYQQEMEQ,6.98,2,8,7.23,7.41,5.229,72.625,,,0.9243,Medium,7.52,7.72,5.299,73.600,,,0.9302,Medium,7.78,8.00,5.258,73.021,,,0.9334,Medium,,,,,,,,,8.26,8.39,5.087,70.657,,,0.9276,Medium,8.52,8.71,5.298,73.579,,,0.8922,Medium,8.25,8.51,5.294,73.531,,,0.9236,Medium
GSP1-WT-GTP,P32835,197,207,MQQYQQEMEQA,7.67,1,9,7.95,8.09,6.322,78.048,,,0.9295,High,8.31,8.45,6.426,79.334,,,0.8681,High,8.67,8.67,6.145,75.869,,,0.8884,High,,,,,,,,,9.07,9.26,6.040,74.569,,,0.9045,High,9.39,9.55,6.371,78.654,,,0.9374,High,9.16,9.35,6.357,78.480,,,0.9282,High
GSP1-WT-GTP,P32835,197,207,MQQYQQEMEQA,7.67,2,9,7.90,8.15,6.277,77.488,,,0.9273,Medium,8.23,8.44,6.439,79.497,,,0.9258,Medium,8.54,8.77,6.276,77.476,,,0.9393,Medium,,,,,,,,,9.08,9.31,6.017,74.281,,,0.9122,Medium,9.42,9.59,6.228,76.885,,,0.9403,Medium,9.19,9.38,6.216,76.740,,,0.9362,Medium
GSP1-WT-GTP,P32835,197,216,MQQYQQEMEQATALPLPDED,9.38,2,16,10.78,10.94,10.451,72.573,,,0.9411,Medium,11.29,11.44,10.699,74.296,,,0.9159,Medium,11.70,11.89,10.260,71.253,,,0.9347,Medium,,,,,,,,,12.47,12.61,9.858,68.455,,,0.9280,Medium,12.86,12.96,10.129,70.339,,,0.9306,Medium,12.91,13.01,9.796,68.030,,,0.9273,Medium
GSP1-WT-GTP,P32835,197,217,MQQYQQEMEQATALPLPDEDD,9.36,2,17,11.14,11.26,4.434,28.982,,,0.9506,High,11.64,11.85,4.570,29.871,,,0.9585,High,12.11,12.24,5.287,34.553,,,0.9524,High,,,,,,,,,12.88,13.09,4.878,31.881,,,0.9583,High,13.28,13.40,5.446,35.596,,,0.9522,High,13.21,13.51,5.193,33.943,,,0.9601,High
GSP1-WT-GTP,P32835,197,220,MQQYQQEMEQATALPLPDEDDADL,11.13,2,20,11.59,11.91,11.272,62.624,,,0.9379,High,12.15,12.42,11.422,63.454,,,0.9401,High,12.79,12.94,10.964,60.910,,,0.9443,High,,,,,,,,,13.59,13.81,10.533,58.518,,,0.9495,High,13.67,14.01,9.945,55.251,,,0.8616,High,13.69,14.00,10.039,55.773,,,0.8621,High
GSP1-WT-GTP,P32835,200,220,YQQEMEQATALPLPDEDDADL,10.74,2,17,11.16,11.32,8.512,55.634,,,0.9518,Medium,11.86,11.87,8.261,53.994,,,0.9364,Medium,12.18,12.44,7.839,51.236,,,0.9531,Medium,,,,,,,,,13.03,13.26,7.469,48.815,,,0.9338,Medium,13.32,13.84,7.909,51.690,,,0.9480,Medium,13.37,13.58,7.750,50.653,,,0.9529,Medium
GSP1-WT-GTP,P32835,204,220,MEQATALPLPDEDDADL,10.51,1,13,10.95,11.17,6.466,55.262,,,0.9480,High,11.65,11.67,6.186,52.868,,,0.8849,High,11.86,12.17,5.872,50.190,,,0.9521,High,,,,,,,,,12.63,12.93,5.657,48.349,,,0.9465,High,12.99,13.29,5.953,50.877,,,0.9519,High,,,,,,,,
GSP1-WT-GTP,P32835,204,220,MEQATALPLPDEDDADL,10.51,2,13,10.88,11.08,6.148,52.544,,,0.9640,High,11.50,11.67,6.209,53.066,,,0.9442,High,11.82,11.83,5.523,47.204,,,0.9300,High,,,,,,,,,12.69,12.80,5.347,45.705,,,0.9592,High,12.95,13.21,5.617,48.007,,,0.9514,High,13.04,13.18,5.497,46.983,,,0.9298,High
GSP1-WT-GTP,P32835,207,220,ATALPLPDEDDADL,10.17,1,10,10.53,10.78,4.650,51.666,,,0.9546,High,11.25,11.26,4.452,49.463,,,0.9506,High,11.43,11.73,4.170,46.338,,,0.9621,High,,,,,,,,,12.26,12.49,4.056,45.064,,,0.9475,High,12.62,12.73,4.274,47.492,,,0.8444,Medium,12.56,12.77,4.168,46.308,,,0.9457,High
GSP1-WT-GTP,P32835,207,220,ATALPLPDEDDADL,10.17,2,10,10.49,10.79,4.002,44.463,,,0.9506,Medium,11.25,11.26,3.826,42.511,,,0.9458,High,11.25,11.26,4.509,50.095,,,0.7419,Medium,,,,,,,,,11.25,11.26,1.723,19.143,3.806,42.288,0.6870,Medium,11.25,11.26,4.306,47.839,,,0.8173,Medium,11.25,11.26,4.298,47.751,,,0.8502,Medium
GSP1-WT-GTP,P32835,208,220,TALPLPDEDDADL,10.12,1,9,10.47,10.66,4.059,50.116,,,0.9511,High,11.10,11.26,3.923,48.435,,,0.9588,High,11.45,11.64,3.618,44.673,,,0.9541,High,,,,,,,,,12.21,12.41,3.493,43.120,,,0.9683,High,12.46,12.70,3.713,45.843,,,0.9500,High,12.47,12.77,3.592,44.351,,,0.9595,High
GSP1-WT-GTP,P32835,208,220,TALPLPDEDDADL,10.12,2,9,10.56,10.75,3.398,41.956,,,0.9225,Medium,11.14,11.29,3.270,40.365,,,0.8867,Medium,11.50,11.63,2.986,36.865,,,0.9580,Medium,,,,,,,,,12.23,12.42,2.881,35.564,,,0.9289,Medium,12.61,12.73,3.029,37.396,,,0.9101,Medium,12.55,12.69,2.984,36.843,,,0.9274,Medium
